[
  {
    "id": "adcfe388.ff282",
    "type": "tab",
    "label": "Real-time",
    "disabled": false,
    "info": ""
  },
  {
    "id": "d9f7a7ca.78b728",
    "type": "tab",
    "label": "模擬資料庫清理排程",
    "disabled": false,
    "info": ""
  },
  {
    "id": "b3daba32.87dcf8",
    "type": "tab",
    "label": "測試工具",
    "disabled": false,
    "info": ""
  },
  {
    "id": "d45c1487.a44258",
    "type": "tab",
    "label": "單元測試",
    "disabled": false,
    "info": ""
  },
  {
    "id": "fd4c7fb.1be6c8",
    "type": "subflow",
    "name": "模擬資料庫事件訊息抽取",
    "info": "",
    "category": "",
    "in": [
      {
        "x": 140,
        "y": 120,
        "wires": [
          {
            "id": "5644d0a.9ad823"
          }
        ]
      }
    ],
    "out": [
      {
        "x": 940,
        "y": 100,
        "wires": [
          {
            "id": "723ac41d.46fcfc",
            "port": 0
          }
        ]
      }
    ],
    "env": [],
    "meta": {},
    "color": "#DDAA99"
  },
  {
    "id": "9610aff8.a70458",
    "type": "redis-config",
    "name": "redis-cluster:6379",
    "options": "redis://redis-cluster:6379",
    "cluster": false,
    "optionsType": "str"
  },
  {
    "id": "a1b2b06d.089da",
    "type": "nats-streaming-server",
    "server": "gravity-realtime-nats",
    "port": "4222",
    "cluster": "external-stan"
  },
  {
    "id": "35b0806c.4ac0e8",
    "type": "MSSQL-CN",
    "tdsVersion": "7_4",
    "name": "Report MSSQL",
    "server": "{{{REPORT_DATABASE_HOST}}}",
    "port": "{{{REPORT_DATABASE_PORT}}}",
    "encyption": true,
    "trustServerCertificate": true,
    "database": "{{{REPORT_DATABASE_DB}}}",
    "useUTC": false,
    "connectTimeout": "15000",
    "requestTimeout": "15000",
    "cancelTimeout": "5000",
    "pool": "5",
    "parseJSON": false,
    "enableArithAbort": true
  },
  {
    "id": "1120185.4a64de8",
    "type": "MSSQL-CN",
    "d": true,
    "tdsVersion": "7_4",
    "name": "Sinopac Report DB",
    "server": "10.11.144.120",
    "port": "1433",
    "encyption": true,
    "trustServerCertificate": true,
    "database": "gravity",
    "useUTC": false,
    "connectTimeout": "15000",
    "requestTimeout": "15000",
    "cancelTimeout": "5000",
    "pool": "5",
    "parseJSON": false,
    "enableArithAbort": true
  },
  {
    "id": "fb045111.949e58",
    "type": "MSSQL-CN",
    "tdsVersion": "7_4",
    "name": "Source1-1",
    "server": "{{{REALTIME1_DATABASE_HOST}}}",
    "port": "{{{REALTIME1_DATABASE_PORT}}}",
    "encyption": false,
    "trustServerCertificate": true,
    "database": "{{{REALTIME1_DATABASE_DB}}}",
    "useUTC": true,
    "connectTimeout": "15000",
    "requestTimeout": "15000",
    "cancelTimeout": "15000",
    "pool": "5",
    "parseJSON": false,
    "enableArithAbort": true
  },
  {
    "id": "9c2cbfab.70ed",
    "type": "MSSQL-CN",
    "tdsVersion": "7_4",
    "name": "Source2",
    "server": "{{{REALTIME2_DATABASE_HOST}}}",
    "port": "{{{REALTIME2_DATABASE_PORT}}}",
    "encyption": true,
    "trustServerCertificate": true,
    "database": "{{{REALTIME2_DATABASE_DB}}}",
    "useUTC": false,
    "connectTimeout": "15000",
    "requestTimeout": "15000",
    "cancelTimeout": "5000",
    "pool": "5",
    "parseJSON": false,
    "enableArithAbort": true
  },
  {
    "id": "9853fc0e.bb115",
    "type": "NATS JetStream Server",
    "server": "gravity-realtime-nats",
    "port": "4222"
  },
  {
    "id": "5ff4feca.77f7a",
    "type": "NATS JetStream Stream",
    "name": "",
    "stream": "NBP_SMS_Realtime_Source",
    "description": "",
    "subjects": "rowData.source.DeliveryPool",
    "max_msgs": "-1",
    "max_age": "30",
    "max_ageunit": "day",
    "max_size": "2",
    "max_sizeunit": "gb",
    "num_replicas": "3"
  },
  {
    "id": "a03435d3.4f8078",
    "type": "comment",
    "z": "adcfe388.ff282",
    "name": "接收模擬資料庫的 CDC 事件，並檢查訊息是否過期",
    "info": "",
    "x": 290,
    "y": 180,
    "wires": []
  },
  {
    "id": "24f8d8c8.58b378",
    "type": "switch",
    "z": "adcfe388.ff282",
    "name": "訊息是否過期？",
    "property": "IsExpired",
    "propertyType": "msg",
    "rules": [
      {
        "t": "true"
      },
      {
        "t": "else"
      }
    ],
    "checkall": "true",
    "repair": false,
    "outputs": 2,
    "x": 1340,
    "y": 280,
    "wires": [
      [
        "f5460f16.0d4d5",
        "7f4a5f89.44404"
      ],
      [
        "d98657db.4d50b8",
        "e4842bc9.64e418"
      ]
    ]
  },
  {
    "id": "591a4f32.5d4ae",
    "type": "switch",
    "z": "adcfe388.ff282",
    "name": "是否為 Create 事件？",
    "property": "payload.event",
    "propertyType": "msg",
    "rules": [
      {
        "t": "eq",
        "v": "DeliveryPoolCreate",
        "vt": "str"
      },
      {
        "t": "else"
      }
    ],
    "checkall": "false",
    "repair": false,
    "outputs": 2,
    "x": 680,
    "y": 320,
    "wires": [
      [
        "51d79d.0b8af864"
      ],
      [
        "7b6e01a1.7393b"
      ]
    ]
  },
  {
    "id": "488baf4b.0da73",
    "type": "debug",
    "z": "adcfe388.ff282",
    "name": "msg.payload",
    "active": false,
    "tosidebar": true,
    "console": false,
    "tostatus": false,
    "complete": "payload",
    "targetType": "msg",
    "statusVal": "",
    "statusType": "auto",
    "x": 1190,
    "y": 160,
    "wires": []
  },
  {
    "id": "fe814a52.3e01e8",
    "type": "debug",
    "z": "adcfe388.ff282",
    "name": "",
    "active": false,
    "tosidebar": true,
    "console": false,
    "tostatus": false,
    "complete": "payload",
    "targetType": "msg",
    "statusVal": "",
    "statusType": "auto",
    "x": 650,
    "y": 280,
    "wires": []
  },
  {
    "id": "5d0cd6b0.c249c8",
    "type": "debug",
    "z": "adcfe388.ff282",
    "name": "msg.payload",
    "active": true,
    "tosidebar": true,
    "console": true,
    "tostatus": false,
    "complete": "$string(payload)",
    "targetType": "jsonata",
    "statusVal": "",
    "statusType": "auto",
    "x": 1800,
    "y": 160,
    "wires": []
  },
  {
    "id": "f5460f16.0d4d5",
    "type": "function",
    "z": "adcfe388.ff282",
    "name": "過期 Log",
    "func": "msg.payload = {\n    channel: 'GRAVITY_SMS_MESSAGE_API',\n    code: 5301,\n    level: 'ERROR',\n    msg: '[GRAVITY][ATOMIC]HTTP via Message API failure, SMS is already expired',\n    time: (new Date()).toJSON(),\n    info: {\n        DeliveryPoolUID: msg.payload.UID,\n        RequestUID: msg.payload.RequestUID\n    }\n}\n\nreturn msg\n",
    "outputs": 1,
    "noerr": 0,
    "initialize": "",
    "finalize": "",
    "libs": [],
    "x": 1620,
    "y": 180,
    "wires": [
      [
        "5d0cd6b0.c249c8"
      ]
    ]
  },
  {
    "id": "57eb8390.4cdcec",
    "type": "comment",
    "z": "adcfe388.ff282",
    "name": "訊息已過期，拋出 Log",
    "info": "",
    "x": 1660,
    "y": 120,
    "wires": []
  },
  {
    "id": "63fea5d0.52207c",
    "type": "comment",
    "z": "adcfe388.ff282",
    "name": "未過期，推送訊息至待處理佇列",
    "info": "",
    "x": 1690,
    "y": 340,
    "wires": []
  },
  {
    "id": "723ac41d.46fcfc",
    "type": "function",
    "z": "fd4c7fb.1be6c8",
    "name": "訊息格式正規化",
    "func": "let payload = msg.payload.payload\n\n// Figure out expire time\nlet BookingTime = new Date(payload.BookingTime).getTime();\nlet timeout = payload.ExpireTime;\n\nif (!timeout) {\n    timeout = 3600 * 6 * 1000;\n} else {\n    timeout = payload.ExpireTime * 1000;\n}\n\nlet expiredAt = BookingTime + timeout;\n\nmsg.payload = {\n    UID: context.get('util.UUID')(payload.UID),\n    SerialNum: payload.SerialNum || 0,\n    MPhoneNum: payload.MPhoneNum,\n    MsgData: payload.MsgData ,\n    Priority: payload.Priority,\n    BookingTime: context.get('util.timeFormat')(new Date(payload.BookingTime), 'yyyy-MM-dd hh:mm:ss'),\n    CreateTime: context.get('util.timeFormat')(new Date(payload.CreateTime), 'yyyy-MM-dd hh:mm:ss'),\n    ExpiredAt: context.get('util.timeFormat')(new Date(expiredAt), 'yyyy-MM-dd hh:mm:ss'),\n    ExpireTime: timeout/1000,\n    DayOfMonth: new Date(payload.BookingTime).getDate(),\n    DepID: payload.DepID,\n    MsgType:  payload.MsgType,\n    Memo: payload.Memo ,\n    SenderID: payload.SenderID,\n    Bu: payload.Bu,\n    Company: payload.Company,\n    Channel: payload.Channel,\n    Reference: payload.Reference,\n    RequestUID: context.get('util.UUID')(payload.RequestUID),\n    ObjectID: payload.ObjectID,\n    SourceIsBank: (payload.SourceIsBank) ? true : false,\n    IsInternational: (payload.IsInternational) ? true : false,\n    Region: payload.Region,\n    ExtraType: payload.ExtraType || null,\n    IsExpired: (Date.now() > expiredAt) ? true : false\n}\n\nreturn msg\n",
    "outputs": 1,
    "noerr": 0,
    "initialize": "context.set('util.UUID', function(value) {\n    \n    if (!value) {\n        return value\n    }\n\n    let uuidRegex = /^[0-9a-f]{8}-[0-9a-f]{4}-[0-5][0-9a-f]{3}-[089ab][0-9a-f]{3}-[0-9a-f]{12}$/i    \n\n    // If it is uuid string already, no need to convert\n    if (typeof value === 'string' && uuidRegex.test(value)) {\n        return value;\n    }\n    \n    // Attempt to convert uuid to string\n    let raw;\n    if (value instanceof Buffer) {\n        // It's binary buffer\n        raw = value;\n    } else {\n        // Assume it is base64 string\n        raw = new Buffer.alloc(16, value, 'base64');\n    }\n    \n    // Extract bytes from buffer\n    let p1 = raw.subarray(0, 4);\n    let p2 = raw.subarray(4, 6);\n    let p3 = raw.subarray(6, 8);\n    let p4 = raw.subarray(8, 10);\n    let p5 = raw.subarray(10);\n    \n    // Convert to string\n    return [\n        p1.swap32().toString('hex'),\n        p2.swap16().toString('hex'),\n        p3.swap16().toString('hex'),\n        p4.toString('hex'),\n        p5.toString('hex')\n    ].join('-');\n})\n\ncontext.set('util.timeFormat', function(d, fmt) {\n    var o = {\n        \"M+\": d.getMonth() + 1,\n        \"d+\": d.getDate(), \n        \"h+\": d.getHours(), \n        \"m+\": d.getMinutes(), \n        \"s+\": d.getSeconds(),\n        \"q+\": Math.floor((d.getMonth() + 3) / 3),\n        \"S\": d.getMilliseconds()\n    };\n\n    if (/(y+)/.test(fmt)) {\n      fmt = fmt.replace(RegExp.$1, (d.getFullYear() + \"\").substr(4 - RegExp.$1.length));\n    }\n\n    for (var k in o) {\n      if (new RegExp(\"(\" + k + \")\").test(fmt))\n        fmt = fmt.replace(RegExp.$1, (RegExp.$1.length == 1) ? (o[k]) : ((\"00\" + o[k]).substr((\"\" + o[k]).length)));\n    }\n\n    return fmt;\n\n})",
    "finalize": "",
    "libs": [],
    "x": 780,
    "y": 100,
    "wires": [
      []
    ]
  },
  {
    "id": "5644d0a.9ad823",
    "type": "switch",
    "z": "fd4c7fb.1be6c8",
    "name": "是否有 RequestUID？",
    "property": "payload.RequestUID",
    "propertyType": "msg",
    "rules": [
      {
        "t": "nnull"
      },
      {
        "t": "else"
      }
    ],
    "checkall": "false",
    "repair": false,
    "outputs": 2,
    "x": 320,
    "y": 120,
    "wires": [
      [
        "723ac41d.46fcfc"
      ],
      [
        "7128dd67.ad5b24"
      ]
    ]
  },
  {
    "id": "7128dd67.ad5b24",
    "type": "uuid",
    "z": "fd4c7fb.1be6c8",
    "uuidVersion": "v4",
    "namespaceType": "",
    "namespace": "",
    "namespaceCustom": "",
    "name": "產生新的 RequestUID",
    "field": "payload.RequestUID",
    "fieldType": "msg",
    "x": 560,
    "y": 160,
    "wires": [
      [
        "723ac41d.46fcfc"
      ]
    ]
  },
  {
    "id": "d98657db.4d50b8",
    "type": "debug",
    "z": "adcfe388.ff282",
    "name": "",
    "active": false,
    "tosidebar": true,
    "console": false,
    "tostatus": false,
    "complete": "payload",
    "targetType": "msg",
    "statusVal": "",
    "statusType": "auto",
    "x": 1630,
    "y": 440,
    "wires": []
  },
  {
    "id": "62579cf7.32a714",
    "type": "MSSQL",
    "z": "b3daba32.87dcf8",
    "mssqlCN": "fb045111.949e58",
    "name": "模擬資料庫 A",
    "outField": "payload",
    "returnType": 0,
    "throwErrors": 1,
    "query": "INSERT INTO [dbo].[DeliveryPool] (\n    MPhoneNum,\n    MsgData,\n    Priority,\n    BookingTime,\n    ExpireTime,\n    DepID,\n    MsgType,\n    Memo,\n    SenderID,\n    Bu,\n    Company,\n    Channel,\n    Reference,\n    RequestUID,\n    ObjectID,\n    SourceIsBank\n) VALUES (\n    '{{{payload.MPhoneNum}}}',\n    '{{{payload.MsgData}}}',\n    {{{payload.Priority}}},\n    '{{{payload.BookingTime}}}',\n    {{{payload.ExpireTime}}},\n    '{{{payload.DepID}}}',\n    '{{{payload.MsgType}}}',\n    '{{{payload.Memo}}}',\n    '{{{payload.SenderID}}}',\n    '{{{payload.Bu}}}',\n    '{{{payload.Company}}}',\n    '{{{payload.Channel}}}',\n    '{{{payload.Reference}}}',\n    '{{{payload.RequestUID}}}',\n    '{{{payload.ObjectID}}}',\n    1\n) ",
    "modeOpt": "",
    "modeOptType": "query",
    "queryOpt": "",
    "queryOptType": "editor",
    "paramsOpt": "queryParams",
    "paramsOptType": "msg",
    "rows": "rows",
    "rowsType": "msg",
    "params": [],
    "x": 970,
    "y": 120,
    "wires": [
      []
    ]
  },
  {
    "id": "59e79d2e.a61a04",
    "type": "function",
    "z": "b3daba32.87dcf8",
    "name": "Prepare Fake Data",
    "func": "\nmsg.payload = {\n    MPhoneNum: '0986529175',\n    MsgData: 'Write SMS Data Test (中文)',\n    Priority: 9,\n    BookingTime: new Date().format('yyyy-MM-dd hh:mm:ss'),\n    ExpireTime: 10000,\n    DepID: '114',\n    MsgType: '82',\n    Memo: 'Test Memo',\n    SenderID: 'J120323807',\n    Bu: 'BU2000',\n    Company: 'SPHBK1',\n    Channel: 'AUTH',\n    Reference: 'Ref',\n    RequestUID: 'uuid',\n    ObjectID: 'TestObjectID'\n}\n\nreturn msg;",
    "outputs": 1,
    "noerr": 0,
    "initialize": "Date.prototype.format = function (fmt) {\n    var o = {\n        \"M+\": this.getMonth() + 1,\n        \"d+\": this.getDate(), \n        \"h+\": this.getHours(), \n        \"m+\": this.getMinutes(), \n        \"s+\": this.getSeconds(),\n        \"q+\": Math.floor((this.getMonth() + 3) / 3),\n        \"S\": this.getMilliseconds()\n    };\n\n    if (/(y+)/.test(fmt)) {\n      fmt = fmt.replace(RegExp.$1, (this.getFullYear() + \"\").substr(4 - RegExp.$1.length));\n    }\n\n    for (var k in o) {\n      if (new RegExp(\"(\" + k + \")\").test(fmt))\n        fmt = fmt.replace(RegExp.$1, (RegExp.$1.length == 1) ? (o[k]) : ((\"00\" + o[k]).substr((\"\" + o[k]).length)));\n    }\n\n    return fmt;\n}",
    "finalize": "",
    "libs": [],
    "x": 510,
    "y": 120,
    "wires": [
      [
        "fb63d581.ac2f48"
      ]
    ]
  },
  {
    "id": "fb63d581.ac2f48",
    "type": "uuid",
    "z": "b3daba32.87dcf8",
    "uuidVersion": "v4",
    "namespaceType": "",
    "namespace": "",
    "namespaceCustom": "",
    "name": "Generate RequestUID",
    "field": "payload.RequestUID",
    "fieldType": "msg",
    "x": 760,
    "y": 120,
    "wires": [
      [
        "316ba229.4f8c3e",
        "62579cf7.32a714"
      ]
    ]
  },
  {
    "id": "de481ef9.b9c63",
    "type": "inject",
    "z": "b3daba32.87dcf8",
    "name": "寫入模擬資料庫 A",
    "props": [
      {
        "p": "payload"
      },
      {
        "p": "topic",
        "vt": "str"
      }
    ],
    "repeat": "",
    "crontab": "",
    "once": false,
    "onceDelay": 0.1,
    "topic": "",
    "payload": "",
    "payloadType": "date",
    "x": 270,
    "y": 120,
    "wires": [
      [
        "59e79d2e.a61a04"
      ]
    ]
  },
  {
    "id": "316ba229.4f8c3e",
    "type": "debug",
    "z": "b3daba32.87dcf8",
    "name": "",
    "active": true,
    "tosidebar": true,
    "console": false,
    "tostatus": false,
    "complete": "payload",
    "targetType": "msg",
    "statusVal": "",
    "statusType": "auto",
    "x": 970,
    "y": 80,
    "wires": []
  },
  {
    "id": "931bd0f8.dd1b9",
    "type": "MSSQL",
    "z": "b3daba32.87dcf8",
    "mssqlCN": "9c2cbfab.70ed",
    "name": "模擬資料庫 B",
    "outField": "payload",
    "returnType": 0,
    "throwErrors": 1,
    "query": "INSERT INTO [dbo].[DeliveryPool] (\n    MPhoneNum,\n    MsgData,\n    Priority,\n    BookingTime,\n    ExpireTime,\n    DepID,\n    MsgType,\n    Memo,\n    SenderID,\n    Bu,\n    Company,\n    Channel,\n    Reference,\n    RequestUID,\n    ObjectID,\n    SourceIsBank\n) VALUES (\n    '{{{payload.MPhoneNum}}}',\n    '{{{payload.MsgData}}}',\n    {{{payload.Priority}}},\n    '{{{payload.BookingTime}}}',\n    {{{payload.ExpireTime}}},\n    '{{{payload.DepID}}}',\n    '{{{payload.MsgType}}}',\n    '{{{payload.Memo}}}',\n    '{{{payload.SenderID}}}',\n    '{{{payload.Bu}}}',\n    '{{{payload.Company}}}',\n    '{{{payload.Channel}}}',\n    '{{{payload.Reference}}}',\n    '{{{payload.RequestUID}}}',\n    '{{{payload.ObjectID}}}',\n    1\n) ",
    "modeOpt": "",
    "modeOptType": "query",
    "queryOpt": "",
    "queryOptType": "editor",
    "paramsOpt": "queryParams",
    "paramsOptType": "msg",
    "rows": "rows",
    "rowsType": "msg",
    "params": [],
    "x": 970,
    "y": 640,
    "wires": [
      []
    ]
  },
  {
    "id": "ec158a9c.df3d18",
    "type": "function",
    "z": "b3daba32.87dcf8",
    "name": "Prepare Fake Data",
    "func": "\nmsg.payload = {\n    MPhoneNum: '0986529175',\n    MsgData: 'Write SMS Data Test (中文)',\n    Priority: 9,\n    BookingTime: new Date().format('yyyy-MM-dd hh:mm:ss'),\n    ExpireTime: 10000,\n    DepID: '114',\n    MsgType: '82',\n    Memo: 'Test Memo',\n    SenderID: 'J120323807',\n    Bu: 'BU2000',\n    Company: 'SPHBK1',\n    Channel: 'AUTH',\n    Reference: 'Ref',\n    RequestUID: 'uuid',\n    ObjectID: 'TestObjectID'\n}\n\nreturn msg;",
    "outputs": 1,
    "noerr": 0,
    "initialize": "Date.prototype.format = function (fmt) {\n    var o = {\n        \"M+\": this.getMonth() + 1,\n        \"d+\": this.getDate(), \n        \"h+\": this.getHours(), \n        \"m+\": this.getMinutes(), \n        \"s+\": this.getSeconds(),\n        \"q+\": Math.floor((this.getMonth() + 3) / 3),\n        \"S\": this.getMilliseconds()\n    };\n\n    if (/(y+)/.test(fmt)) {\n      fmt = fmt.replace(RegExp.$1, (this.getFullYear() + \"\").substr(4 - RegExp.$1.length));\n    }\n\n    for (var k in o) {\n      if (new RegExp(\"(\" + k + \")\").test(fmt))\n        fmt = fmt.replace(RegExp.$1, (RegExp.$1.length == 1) ? (o[k]) : ((\"00\" + o[k]).substr((\"\" + o[k]).length)));\n    }\n\n    return fmt;\n}",
    "finalize": "",
    "libs": [],
    "x": 510,
    "y": 640,
    "wires": [
      [
        "5904504c.bb66d"
      ]
    ]
  },
  {
    "id": "5904504c.bb66d",
    "type": "uuid",
    "z": "b3daba32.87dcf8",
    "uuidVersion": "v4",
    "namespaceType": "",
    "namespace": "",
    "namespaceCustom": "",
    "name": "Generate RequestUID",
    "field": "payload.RequestUID",
    "fieldType": "msg",
    "x": 760,
    "y": 640,
    "wires": [
      [
        "8a7f53d9.74ebc",
        "931bd0f8.dd1b9"
      ]
    ]
  },
  {
    "id": "3f048514.eb062a",
    "type": "inject",
    "z": "b3daba32.87dcf8",
    "name": "寫入模擬資料庫 B",
    "props": [
      {
        "p": "payload"
      },
      {
        "p": "topic",
        "vt": "str"
      }
    ],
    "repeat": "",
    "crontab": "",
    "once": false,
    "onceDelay": 0.1,
    "topic": "",
    "payload": "",
    "payloadType": "date",
    "x": 270,
    "y": 640,
    "wires": [
      [
        "ec158a9c.df3d18"
      ]
    ]
  },
  {
    "id": "8a7f53d9.74ebc",
    "type": "debug",
    "z": "b3daba32.87dcf8",
    "name": "",
    "active": true,
    "tosidebar": true,
    "console": false,
    "tostatus": false,
    "complete": "payload",
    "targetType": "msg",
    "statusVal": "",
    "statusType": "auto",
    "x": 970,
    "y": 600,
    "wires": []
  },
  {
    "id": "ba22021e.f8fa9",
    "type": "comment",
    "z": "b3daba32.87dcf8",
    "name": "寫入測試訊息至模擬資料庫",
    "info": "",
    "x": 220,
    "y": 60,
    "wires": []
  },
  {
    "id": "dfa283e0.1ff1b",
    "type": "MSSQL",
    "z": "b3daba32.87dcf8",
    "mssqlCN": "fb045111.949e58",
    "name": "模擬資料庫 A",
    "outField": "payload",
    "returnType": 0,
    "throwErrors": 1,
    "query": "INSERT INTO [dbo].[DeliveryPool] (\n    MPhoneNum,\n    MsgData,\n    Priority,\n    BookingTime,\n    ExpireTime,\n    DepID,\n    MsgType,\n    Memo,\n    SenderID,\n    Bu,\n    Company,\n    Channel,\n    Reference,\n    RequestUID,\n    ObjectID,\n    SourceIsBank\n) VALUES (\n    '{{{payload.MPhoneNum}}}',\n    '{{{payload.MsgData}}}',\n    {{{payload.Priority}}},\n    '{{{payload.BookingTime}}}',\n    {{{payload.ExpireTime}}},\n    '{{{payload.DepID}}}',\n    '{{{payload.MsgType}}}',\n    '{{{payload.Memo}}}',\n    '{{{payload.SenderID}}}',\n    '{{{payload.Bu}}}',\n    '{{{payload.Company}}}',\n    '{{{payload.Channel}}}',\n    '{{{payload.Reference}}}',\n    '{{{payload.RequestUID}}}',\n    '{{{payload.ObjectID}}}',\n    1\n) ",
    "modeOpt": "",
    "modeOptType": "query",
    "queryOpt": "",
    "queryOptType": "editor",
    "paramsOpt": "queryParams",
    "paramsOptType": "msg",
    "rows": "rows",
    "rowsType": "msg",
    "params": [],
    "x": 970,
    "y": 760,
    "wires": [
      []
    ]
  },
  {
    "id": "36e7eaa7.97cb36",
    "type": "function",
    "z": "b3daba32.87dcf8",
    "name": "Prepare Fake Data",
    "func": "\nmsg.payload = {\n    MPhoneNum: '0986529175',\n    MsgData: 'Write SMS Data Test (中文)',\n    Priority: 9,\n    BookingTime: new Date(Date.now() - 2000).format('yyyy-MM-dd hh:mm:ss'),\n    ExpireTime: 1000,\n    DepID: '114',\n    MsgType: '82',\n    Memo: 'Test Memo',\n    SenderID: 'J120323807',\n    Bu: 'BU2000',\n    Company: 'SPHBK1',\n    Channel: 'AUTH',\n    Reference: 'Ref',\n    RequestUID: 'uuid',\n    ObjectID: 'TestObjectID'\n}\n\nreturn msg;",
    "outputs": 1,
    "noerr": 0,
    "initialize": "Date.prototype.format = function (fmt) {\n    var o = {\n        \"M+\": this.getMonth() + 1,\n        \"d+\": this.getDate(), \n        \"h+\": this.getHours(), \n        \"m+\": this.getMinutes(), \n        \"s+\": this.getSeconds(),\n        \"q+\": Math.floor((this.getMonth() + 3) / 3),\n        \"S\": this.getMilliseconds()\n    };\n\n    if (/(y+)/.test(fmt)) {\n      fmt = fmt.replace(RegExp.$1, (this.getFullYear() + \"\").substr(4 - RegExp.$1.length));\n    }\n\n    for (var k in o) {\n      if (new RegExp(\"(\" + k + \")\").test(fmt))\n        fmt = fmt.replace(RegExp.$1, (RegExp.$1.length == 1) ? (o[k]) : ((\"00\" + o[k]).substr((\"\" + o[k]).length)));\n    }\n\n    return fmt;\n}",
    "finalize": "",
    "libs": [],
    "x": 510,
    "y": 760,
    "wires": [
      [
        "ac3a468b.527c68"
      ]
    ]
  },
  {
    "id": "ac3a468b.527c68",
    "type": "uuid",
    "z": "b3daba32.87dcf8",
    "uuidVersion": "v4",
    "namespaceType": "",
    "namespace": "",
    "namespaceCustom": "",
    "name": "Generate RequestUID",
    "field": "payload.RequestUID",
    "fieldType": "msg",
    "x": 760,
    "y": 760,
    "wires": [
      [
        "38efbb1c.89bc64",
        "dfa283e0.1ff1b"
      ]
    ]
  },
  {
    "id": "1934f108.b8ebdf",
    "type": "inject",
    "z": "b3daba32.87dcf8",
    "name": "寫入過期訊息",
    "props": [
      {
        "p": "payload"
      },
      {
        "p": "topic",
        "vt": "str"
      }
    ],
    "repeat": "",
    "crontab": "",
    "once": false,
    "onceDelay": 0.1,
    "topic": "",
    "payload": "",
    "payloadType": "date",
    "x": 250,
    "y": 760,
    "wires": [
      [
        "36e7eaa7.97cb36"
      ]
    ]
  },
  {
    "id": "38efbb1c.89bc64",
    "type": "debug",
    "z": "b3daba32.87dcf8",
    "name": "",
    "active": true,
    "tosidebar": true,
    "console": false,
    "tostatus": false,
    "complete": "payload",
    "targetType": "msg",
    "statusVal": "",
    "statusType": "auto",
    "x": 970,
    "y": 720,
    "wires": []
  },
  {
    "id": "23831405.8d1adc",
    "type": "comment",
    "z": "b3daba32.87dcf8",
    "name": "查詢模擬資料庫",
    "info": "",
    "x": 200,
    "y": 820,
    "wires": []
  },
  {
    "id": "196aa58a.e2cafa",
    "type": "MSSQL",
    "z": "b3daba32.87dcf8",
    "mssqlCN": "fb045111.949e58",
    "name": "模擬資料庫 A",
    "outField": "payload",
    "returnType": 0,
    "throwErrors": 1,
    "query": "SELECt TOP 100 * from [dbo].[DeliveryPool] ORDER BY CreateTime DESC",
    "modeOpt": "",
    "modeOptType": "query",
    "queryOpt": "",
    "queryOptType": "editor",
    "paramsOpt": "queryParams",
    "paramsOptType": "msg",
    "rows": "rows",
    "rowsType": "msg",
    "params": [],
    "x": 490,
    "y": 880,
    "wires": [
      [
        "7f2d854.4d0847c"
      ]
    ]
  },
  {
    "id": "618ed927.dd4978",
    "type": "inject",
    "z": "b3daba32.87dcf8",
    "name": "查詢模擬資料庫 A",
    "props": [
      {
        "p": "payload"
      },
      {
        "p": "topic",
        "vt": "str"
      }
    ],
    "repeat": "",
    "crontab": "",
    "once": false,
    "onceDelay": 0.1,
    "topic": "",
    "payload": "",
    "payloadType": "date",
    "x": 270,
    "y": 880,
    "wires": [
      [
        "196aa58a.e2cafa"
      ]
    ]
  },
  {
    "id": "7f2d854.4d0847c",
    "type": "debug",
    "z": "b3daba32.87dcf8",
    "name": "",
    "active": true,
    "tosidebar": true,
    "console": false,
    "tostatus": false,
    "complete": "payload",
    "targetType": "msg",
    "statusVal": "",
    "statusType": "auto",
    "x": 710,
    "y": 880,
    "wires": []
  },
  {
    "id": "f2947105.42a4c",
    "type": "MSSQL",
    "z": "b3daba32.87dcf8",
    "mssqlCN": "9c2cbfab.70ed",
    "name": "模擬資料庫 B",
    "outField": "payload",
    "returnType": 0,
    "throwErrors": 1,
    "query": "SELECt TOP 100 * from [dbo].[DeliveryPool] ORDER BY CreateTime",
    "modeOpt": "",
    "modeOptType": "query",
    "queryOpt": "",
    "queryOptType": "editor",
    "paramsOpt": "queryParams",
    "paramsOptType": "msg",
    "rows": "rows",
    "rowsType": "msg",
    "params": [],
    "x": 490,
    "y": 960,
    "wires": [
      [
        "5c405603.1731b8"
      ]
    ]
  },
  {
    "id": "afedb09e.d733a",
    "type": "inject",
    "z": "b3daba32.87dcf8",
    "name": "查詢模擬資料庫 B",
    "props": [
      {
        "p": "payload"
      },
      {
        "p": "topic",
        "vt": "str"
      }
    ],
    "repeat": "",
    "crontab": "",
    "once": false,
    "onceDelay": 0.1,
    "topic": "",
    "payload": "",
    "payloadType": "date",
    "x": 270,
    "y": 960,
    "wires": [
      [
        "f2947105.42a4c"
      ]
    ]
  },
  {
    "id": "5c405603.1731b8",
    "type": "debug",
    "z": "b3daba32.87dcf8",
    "name": "",
    "active": true,
    "tosidebar": true,
    "console": false,
    "tostatus": false,
    "complete": "payload",
    "targetType": "msg",
    "statusVal": "",
    "statusType": "auto",
    "x": 710,
    "y": 960,
    "wires": []
  },
  {
    "id": "51d79d.0b8af864",
    "type": "subflow:fd4c7fb.1be6c8",
    "z": "adcfe388.ff282",
    "name": "",
    "env": [],
    "x": 990,
    "y": 280,
    "wires": [
      [
        "488baf4b.0da73",
        "24f8d8c8.58b378"
      ]
    ]
  },
  {
    "id": "c6127a37.7babf8",
    "type": "inject",
    "z": "d45c1487.a44258",
    "name": "測試模擬資料庫事件訊息抽取",
    "props": [
      {
        "p": "payload"
      },
      {
        "p": "topic",
        "vt": "str"
      }
    ],
    "repeat": "",
    "crontab": "",
    "once": false,
    "onceDelay": 0.1,
    "topic": "",
    "payload": "",
    "payloadType": "date",
    "x": 420,
    "y": 280,
    "wires": [
      [
        "d3c67939.0353a8"
      ]
    ]
  },
  {
    "id": "d24cbaed.07ac28",
    "type": "subflow:fd4c7fb.1be6c8",
    "z": "d45c1487.a44258",
    "x": 900,
    "y": 280,
    "wires": [
      [
        "70300ec9.6d58"
      ]
    ]
  },
  {
    "id": "70300ec9.6d58",
    "type": "debug",
    "z": "d45c1487.a44258",
    "name": "msg.payload",
    "active": true,
    "tosidebar": true,
    "console": false,
    "tostatus": false,
    "complete": "payload",
    "targetType": "msg",
    "statusVal": "",
    "statusType": "auto",
    "x": 1140,
    "y": 280,
    "wires": []
  },
  {
    "id": "3f9ddd3c.82d292",
    "type": "comment",
    "z": "d45c1487.a44258",
    "name": "測試模擬資料庫訊息抽取",
    "info": "",
    "x": 320,
    "y": 220,
    "wires": []
  },
  {
    "id": "d3c67939.0353a8",
    "type": "template",
    "z": "d45c1487.a44258",
    "name": "Sample data",
    "field": "payload",
    "fieldType": "msg",
    "format": "json",
    "syntax": "mustache",
    "template": "{\n    \"event\":\"DeliveryPoolCreate\",\n    \"collection\":\"DeliveryPool\",\n    \"payload\": {\n        \"Channel\":\"AUTH\",\n        \"MsgData\":\"Write SMS Data Test (中文)\",\n        \"SenderID\":\"J120323807\",\n        \"Memo\":\"Test Memo\",\n        \"ObjectID\":\"TestObjectID\",\n        \"Company\":\"SPHBK1\",\n        \"Reference\":\"Ref\",\n        \"SerialNum\":0,\n        \"DepID\":\"114\",\n        \"ExpireTime\":1000,\n        \"RequestUID\":\"Llsipwy0IUWq3XG8+IElgg==\",\n        \"UID\":\"PkLlUmvzEBSD0QAE+jSkVA==\",\n        \"BookingTime\":\"2022-10-02T01:27:37Z\",\n        \"Priority\":9,\n        \"Bu\":\"BU2000\",\n        \"MsgType\":\"82\",\n        \"MPhoneNum\":\"0986529175\"\n        \n    },\n    \"meta\":null\n}",
    "output": "json",
    "x": 660,
    "y": 280,
    "wires": [
      [
        "d24cbaed.07ac28"
      ]
    ]
  },
  {
    "id": "9e776fed.8797b",
    "type": "comment",
    "z": "adcfe388.ff282",
    "name": "丟棄不符合條件的事件",
    "info": "",
    "x": 980,
    "y": 340,
    "wires": []
  },
  {
    "id": "b786b4f5.a7eed8",
    "type": "comment",
    "z": "b3daba32.87dcf8",
    "name": "查詢 Report 資料庫",
    "info": "",
    "x": 210,
    "y": 1180,
    "wires": []
  },
  {
    "id": "f10989b9.f8a3d8",
    "type": "MSSQL",
    "z": "b3daba32.87dcf8",
    "mssqlCN": "35b0806c.4ac0e8",
    "name": "DeliveryResultLog",
    "outField": "payload",
    "returnType": 0,
    "throwErrors": 1,
    "query": "SELECt TOP 100 * from [dbo].[DeliveryResultLog] WHERE SourceType = 'Realtime' ORDER BY CreateTime DESC\n",
    "modeOpt": "",
    "modeOptType": "query",
    "queryOpt": "",
    "queryOptType": "editor",
    "paramsOpt": "queryParams",
    "paramsOptType": "msg",
    "rows": "rows",
    "rowsType": "msg",
    "params": [],
    "x": 510,
    "y": 1240,
    "wires": [
      [
        "e24aee08.54e98"
      ]
    ]
  },
  {
    "id": "17588ea4.97c891",
    "type": "inject",
    "z": "b3daba32.87dcf8",
    "name": "查詢 DeliveryResultLog",
    "props": [
      {
        "p": "payload"
      },
      {
        "p": "topic",
        "vt": "str"
      }
    ],
    "repeat": "",
    "crontab": "",
    "once": false,
    "onceDelay": 0.1,
    "topic": "",
    "payload": "",
    "payloadType": "date",
    "x": 280,
    "y": 1240,
    "wires": [
      [
        "f10989b9.f8a3d8"
      ]
    ]
  },
  {
    "id": "e24aee08.54e98",
    "type": "debug",
    "z": "b3daba32.87dcf8",
    "name": "",
    "active": true,
    "tosidebar": true,
    "console": false,
    "tostatus": false,
    "complete": "payload",
    "targetType": "msg",
    "statusVal": "",
    "statusType": "auto",
    "x": 730,
    "y": 1240,
    "wires": []
  },
  {
    "id": "30e246b1.b4b1aa",
    "type": "MSSQL",
    "z": "b3daba32.87dcf8",
    "mssqlCN": "35b0806c.4ac0e8",
    "name": "DeliveryPoolRealtime",
    "outField": "payload",
    "returnType": 0,
    "throwErrors": 1,
    "query": "SELECt TOP 100 * from [dbo].[DeliveryPoolRealTime] ORDER BY CreateTime DESC\n",
    "modeOpt": "",
    "modeOptType": "query",
    "queryOpt": "",
    "queryOptType": "editor",
    "paramsOpt": "queryParams",
    "paramsOptType": "msg",
    "rows": "rows",
    "rowsType": "msg",
    "params": [],
    "x": 520,
    "y": 1300,
    "wires": [
      [
        "d1eface.7f5f15"
      ]
    ]
  },
  {
    "id": "5b3ab68f.b66828",
    "type": "inject",
    "z": "b3daba32.87dcf8",
    "name": "查詢 DeliveryResultLog",
    "props": [
      {
        "p": "payload"
      },
      {
        "p": "topic",
        "vt": "str"
      }
    ],
    "repeat": "",
    "crontab": "",
    "once": false,
    "onceDelay": 0.1,
    "topic": "",
    "payload": "",
    "payloadType": "date",
    "x": 280,
    "y": 1300,
    "wires": [
      [
        "30e246b1.b4b1aa"
      ]
    ]
  },
  {
    "id": "d1eface.7f5f15",
    "type": "debug",
    "z": "b3daba32.87dcf8",
    "name": "",
    "active": true,
    "tosidebar": true,
    "console": false,
    "tostatus": false,
    "complete": "payload",
    "targetType": "msg",
    "statusVal": "",
    "statusType": "auto",
    "x": 730,
    "y": 1300,
    "wires": []
  },
  {
    "id": "8ea87d1f.6dc21",
    "type": "inject",
    "z": "b3daba32.87dcf8",
    "name": "寫入 100 筆到模擬資料庫 A",
    "props": [
      {
        "p": "payload"
      },
      {
        "p": "topic",
        "vt": "str"
      }
    ],
    "repeat": "",
    "crontab": "",
    "once": false,
    "onceDelay": 0.1,
    "topic": "",
    "payload": "",
    "payloadType": "date",
    "x": 290,
    "y": 180,
    "wires": [
      [
        "e5977941.afe068"
      ]
    ]
  },
  {
    "id": "e5977941.afe068",
    "type": "loop",
    "z": "b3daba32.87dcf8",
    "name": "準備 100 訊息",
    "kind": "fcnt",
    "count": "100",
    "initial": "1",
    "step": "1",
    "condition": "",
    "conditionType": "js",
    "when": "before",
    "enumeration": "enum",
    "enumerationType": "msg",
    "limit": "",
    "loopPayload": "loop-index",
    "finalPayload": "final-count",
    "x": 540,
    "y": 180,
    "wires": [
      [],
      [
        "7eb372b4.c773fc"
      ]
    ]
  },
  {
    "id": "7eb372b4.c773fc",
    "type": "function",
    "z": "b3daba32.87dcf8",
    "name": "Prepare Fake Data",
    "func": "\nmsg.payload = {\n    MPhoneNum: '0986529175',\n    MsgData: 'Write SMS Data Test (中文)',\n    Priority: 9,\n    BookingTime: new Date().format('yyyy-MM-dd hh:mm:ss'),\n    ExpireTime: 10000,\n    DepID: '114',\n    MsgType: '82',\n    Memo: 'Test Memo',\n    SenderID: 'J120323807',\n    Bu: 'BU2000',\n    Company: 'SPHBK1',\n    Channel: 'AUTH',\n    Reference: 'Ref',\n    RequestUID: 'uuid',\n    ObjectID: 'TestObjectID'\n}\n\nreturn msg;",
    "outputs": 1,
    "noerr": 0,
    "initialize": "Date.prototype.format = function (fmt) {\n    var o = {\n        \"M+\": this.getMonth() + 1,\n        \"d+\": this.getDate(), \n        \"h+\": this.getHours(), \n        \"m+\": this.getMinutes(), \n        \"s+\": this.getSeconds(),\n        \"q+\": Math.floor((this.getMonth() + 3) / 3),\n        \"S\": this.getMilliseconds()\n    };\n\n    if (/(y+)/.test(fmt)) {\n      fmt = fmt.replace(RegExp.$1, (this.getFullYear() + \"\").substr(4 - RegExp.$1.length));\n    }\n\n    for (var k in o) {\n      if (new RegExp(\"(\" + k + \")\").test(fmt))\n        fmt = fmt.replace(RegExp.$1, (RegExp.$1.length == 1) ? (o[k]) : ((\"00\" + o[k]).substr((\"\" + o[k]).length)));\n    }\n\n    return fmt;\n}",
    "finalize": "",
    "libs": [],
    "x": 550,
    "y": 260,
    "wires": [
      [
        "3d7d18ad.f20fb8",
        "e5977941.afe068"
      ]
    ]
  },
  {
    "id": "3d7d18ad.f20fb8",
    "type": "uuid",
    "z": "b3daba32.87dcf8",
    "uuidVersion": "v4",
    "namespaceType": "",
    "namespace": "",
    "namespaceCustom": "",
    "name": "Generate RequestUID",
    "field": "payload.RequestUID",
    "fieldType": "msg",
    "x": 800,
    "y": 260,
    "wires": [
      [
        "f7a56bbf.0c57a8"
      ]
    ]
  },
  {
    "id": "f7a56bbf.0c57a8",
    "type": "MSSQL",
    "z": "b3daba32.87dcf8",
    "mssqlCN": "fb045111.949e58",
    "name": "模擬資料庫 A",
    "outField": "payload",
    "returnType": 0,
    "throwErrors": 1,
    "query": "INSERT INTO [dbo].[DeliveryPool] (\n    MPhoneNum,\n    MsgData,\n    Priority,\n    BookingTime,\n    ExpireTime,\n    DepID,\n    MsgType,\n    Memo,\n    SenderID,\n    Bu,\n    Company,\n    Channel,\n    Reference,\n    RequestUID,\n    ObjectID,\n    SourceIsBank\n) VALUES (\n    '{{{payload.MPhoneNum}}}',\n    '{{{payload.MsgData}}}',\n    {{{payload.Priority}}},\n    '{{{payload.BookingTime}}}',\n    {{{payload.ExpireTime}}},\n    '{{{payload.DepID}}}',\n    '{{{payload.MsgType}}}',\n    '{{{payload.Memo}}}',\n    '{{{payload.SenderID}}}',\n    '{{{payload.Bu}}}',\n    '{{{payload.Company}}}',\n    '{{{payload.Channel}}}',\n    '{{{payload.Reference}}}',\n    '{{{payload.RequestUID}}}',\n    '{{{payload.ObjectID}}}',\n    1\n) ",
    "modeOpt": "",
    "modeOptType": "query",
    "queryOpt": "",
    "queryOptType": "editor",
    "paramsOpt": "queryParams",
    "paramsOptType": "msg",
    "rows": "rows",
    "rowsType": "msg",
    "params": [],
    "x": 1010,
    "y": 260,
    "wires": [
      []
    ]
  },
  {
    "id": "869bbba8.face48",
    "type": "catch",
    "z": "b3daba32.87dcf8",
    "name": "",
    "scope": [
      "f7a56bbf.0c57a8"
    ],
    "uncaught": false,
    "x": 530,
    "y": 320,
    "wires": [
      [
        "7dac4000.0783"
      ]
    ]
  },
  {
    "id": "7dac4000.0783",
    "type": "delay",
    "z": "b3daba32.87dcf8",
    "name": "",
    "pauseType": "delay",
    "timeout": "10",
    "timeoutUnits": "milliseconds",
    "rate": "1",
    "nbRateUnits": "1",
    "rateUnits": "second",
    "randomFirst": "1",
    "randomLast": "5",
    "randomUnits": "seconds",
    "drop": false,
    "x": 830,
    "y": 320,
    "wires": [
      [
        "f7a56bbf.0c57a8"
      ]
    ]
  },
  {
    "id": "e4842bc9.64e418",
    "type": "NATS JetStream Publish",
    "z": "adcfe388.ff282",
    "name": "Publish to NBP.SMS.Realtime.Pending",
    "server": "9853fc0e.bb115",
    "subject": "NBP.SMS.Realtime.Pending",
    "payloadType": "json",
    "x": 1710,
    "y": 380,
    "wires": []
  },
  {
    "id": "a39f28a.a5843d8",
    "type": "NATS JetStream Consumer",
    "z": "adcfe388.ff282",
    "name": "",
    "server": "9853fc0e.bb115",
    "subjects": "rowData.source.DeliveryPool",
    "delivery": "last",
    "stream": "ensure",
    "ensurestream": "5ff4feca.77f7a",
    "consumertype": "queueGroup",
    "durable": "collector",
    "startseq": 0,
    "starttime": 0,
    "ack": "manual",
    "maxackpending": 2000,
    "ackwait": "30000",
    "payloadType": "json",
    "x": 240,
    "y": 320,
    "wires": [
      [
        "8559b951.72e238"
      ]
    ]
  },
  {
    "id": "8559b951.72e238",
    "type": "change",
    "z": "adcfe388.ff282",
    "name": "取得資料",
    "rules": [
      {
        "t": "move",
        "p": "payload.data",
        "pt": "msg",
        "to": "payload",
        "tot": "msg"
      }
    ],
    "action": "",
    "property": "",
    "from": "",
    "to": "",
    "reg": false,
    "x": 480,
    "y": 320,
    "wires": [
      [
        "591a4f32.5d4ae",
        "fe814a52.3e01e8"
      ]
    ]
  },
  {
    "id": "7b6e01a1.7393b",
    "type": "NATS JetStream Acknowledge",
    "z": "adcfe388.ff282",
    "name": "",
    "x": 1010,
    "y": 380,
    "wires": []
  },
  {
    "id": "7f4a5f89.44404",
    "type": "function",
    "z": "adcfe388.ff282",
    "name": "Event: NBP.SMS.Realtime.Event.Expired",
    "func": "msg.payload = {\n    \"event\": \"NBP.SMS.Realtime.Event.Expired\",\n    \"payload\": {\n        \"UID\": msg.payload.UID,\n        \"message\": \"SMS Message already expired before API access\" \n    },\n    \"timestamp\": Date.now()\n}\n\nreturn msg;",
    "outputs": 1,
    "noerr": 0,
    "initialize": "",
    "finalize": "",
    "libs": [],
    "x": 1720,
    "y": 220,
    "wires": [
      [
        "ee019226.38ad9"
      ]
    ]
  },
  {
    "id": "ee019226.38ad9",
    "type": "NATS JetStream Publish",
    "z": "adcfe388.ff282",
    "name": "Publish to NBP.SMS.Realtime.Event.Expired",
    "server": "9853fc0e.bb115",
    "subject": "NBP.SMS.Realtime.Event.Expired",
    "payloadType": "json",
    "x": 2110,
    "y": 220,
    "wires": []
  },
  {
    "id": "d689ebca.a47198",
    "type": "inject",
    "z": "b3daba32.87dcf8",
    "name": "寫入 10000 筆到模擬資料庫 A",
    "props": [
      {
        "p": "payload"
      },
      {
        "p": "topic",
        "vt": "str"
      }
    ],
    "repeat": "",
    "crontab": "",
    "once": false,
    "onceDelay": 0.1,
    "topic": "",
    "payload": "",
    "payloadType": "date",
    "x": 300,
    "y": 380,
    "wires": [
      [
        "4816a72e.139098"
      ]
    ]
  },
  {
    "id": "4816a72e.139098",
    "type": "loop",
    "z": "b3daba32.87dcf8",
    "name": "準備 10000 訊息",
    "kind": "fcnt",
    "count": "10000",
    "initial": "1",
    "step": "1",
    "condition": "",
    "conditionType": "js",
    "when": "before",
    "enumeration": "enum",
    "enumerationType": "msg",
    "limit": "",
    "loopPayload": "loop-index",
    "finalPayload": "final-count",
    "x": 540,
    "y": 380,
    "wires": [
      [],
      [
        "54fe9795.6e29b8"
      ]
    ]
  },
  {
    "id": "54fe9795.6e29b8",
    "type": "function",
    "z": "b3daba32.87dcf8",
    "name": "Prepare Fake Data",
    "func": "\nmsg.payload = {\n    MPhoneNum: '0986529175',\n    MsgData: 'Write SMS Data Test (中文)',\n    Priority: 9,\n    BookingTime: new Date().format('yyyy-MM-dd hh:mm:ss'),\n    ExpireTime: 10000,\n    DepID: '114',\n    MsgType: '82',\n    Memo: 'Test Memo',\n    SenderID: 'J120323807',\n    Bu: 'BU2000',\n    Company: 'SPHBK1',\n    Channel: 'AUTH',\n    Reference: 'Ref',\n    RequestUID: 'uuid',\n    ObjectID: 'TestObjectID'\n}\n\nreturn msg;",
    "outputs": 1,
    "noerr": 0,
    "initialize": "Date.prototype.format = function (fmt) {\n    var o = {\n        \"M+\": this.getMonth() + 1,\n        \"d+\": this.getDate(), \n        \"h+\": this.getHours(), \n        \"m+\": this.getMinutes(), \n        \"s+\": this.getSeconds(),\n        \"q+\": Math.floor((this.getMonth() + 3) / 3),\n        \"S\": this.getMilliseconds()\n    };\n\n    if (/(y+)/.test(fmt)) {\n      fmt = fmt.replace(RegExp.$1, (this.getFullYear() + \"\").substr(4 - RegExp.$1.length));\n    }\n\n    for (var k in o) {\n      if (new RegExp(\"(\" + k + \")\").test(fmt))\n        fmt = fmt.replace(RegExp.$1, (RegExp.$1.length == 1) ? (o[k]) : ((\"00\" + o[k]).substr((\"\" + o[k]).length)));\n    }\n\n    return fmt;\n}",
    "finalize": "",
    "libs": [],
    "x": 550,
    "y": 460,
    "wires": [
      [
        "da829d8c.fac4",
        "4816a72e.139098"
      ]
    ]
  },
  {
    "id": "da829d8c.fac4",
    "type": "uuid",
    "z": "b3daba32.87dcf8",
    "uuidVersion": "v4",
    "namespaceType": "",
    "namespace": "",
    "namespaceCustom": "",
    "name": "Generate RequestUID",
    "field": "payload.RequestUID",
    "fieldType": "msg",
    "x": 800,
    "y": 460,
    "wires": [
      [
        "71f4adff.9fcd24"
      ]
    ]
  },
  {
    "id": "71f4adff.9fcd24",
    "type": "MSSQL",
    "z": "b3daba32.87dcf8",
    "mssqlCN": "fb045111.949e58",
    "name": "模擬資料庫 A",
    "outField": "payload",
    "returnType": 0,
    "throwErrors": 1,
    "query": "INSERT INTO [dbo].[DeliveryPool] (\n    MPhoneNum,\n    MsgData,\n    Priority,\n    BookingTime,\n    ExpireTime,\n    DepID,\n    MsgType,\n    Memo,\n    SenderID,\n    Bu,\n    Company,\n    Channel,\n    Reference,\n    RequestUID,\n    ObjectID,\n    SourceIsBank\n) VALUES (\n    '{{{payload.MPhoneNum}}}',\n    '{{{payload.MsgData}}}',\n    {{{payload.Priority}}},\n    '{{{payload.BookingTime}}}',\n    {{{payload.ExpireTime}}},\n    '{{{payload.DepID}}}',\n    '{{{payload.MsgType}}}',\n    '{{{payload.Memo}}}',\n    '{{{payload.SenderID}}}',\n    '{{{payload.Bu}}}',\n    '{{{payload.Company}}}',\n    '{{{payload.Channel}}}',\n    '{{{payload.Reference}}}',\n    '{{{payload.RequestUID}}}',\n    '{{{payload.ObjectID}}}',\n    1\n) ",
    "modeOpt": "",
    "modeOptType": "query",
    "queryOpt": "",
    "queryOptType": "editor",
    "paramsOpt": "queryParams",
    "paramsOptType": "msg",
    "rows": "rows",
    "rowsType": "msg",
    "params": [],
    "x": 1010,
    "y": 460,
    "wires": [
      []
    ]
  },
  {
    "id": "d25c46f2.81e9f8",
    "type": "catch",
    "z": "b3daba32.87dcf8",
    "name": "",
    "scope": [
      "71f4adff.9fcd24"
    ],
    "uncaught": false,
    "x": 530,
    "y": 520,
    "wires": [
      [
        "ef194a99.74c798"
      ]
    ]
  },
  {
    "id": "ef194a99.74c798",
    "type": "delay",
    "z": "b3daba32.87dcf8",
    "name": "",
    "pauseType": "delay",
    "timeout": "10",
    "timeoutUnits": "milliseconds",
    "rate": "1",
    "nbRateUnits": "1",
    "rateUnits": "second",
    "randomFirst": "1",
    "randomLast": "5",
    "randomUnits": "seconds",
    "drop": false,
    "x": 830,
    "y": 520,
    "wires": [
      [
        "71f4adff.9fcd24"
      ]
    ]
  },
  {
    "id": "23462225.752fae",
    "type": "complete",
    "z": "adcfe388.ff282",
    "name": "當訊息已處理完成",
    "scope": [
      "e4842bc9.64e418",
      "ee019226.38ad9"
    ],
    "uncaught": false,
    "x": 210,
    "y": 700,
    "wires": [
      [
        "40c645eb.8a008c",
        "f264d641.f57378"
      ]
    ]
  },
  {
    "id": "40c645eb.8a008c",
    "type": "NATS JetStream Acknowledge",
    "z": "adcfe388.ff282",
    "name": "",
    "x": 530,
    "y": 700,
    "wires": []
  },
  {
    "id": "f264d641.f57378",
    "type": "debug",
    "z": "adcfe388.ff282",
    "name": "msg.payload",
    "active": false,
    "tosidebar": true,
    "console": false,
    "tostatus": false,
    "complete": "payload",
    "targetType": "msg",
    "statusVal": "",
    "statusType": "auto",
    "x": 470,
    "y": 740,
    "wires": []
  },
  {
    "id": "bd8ae7f9.075a98",
    "type": "comment",
    "z": "adcfe388.ff282",
    "name": "當訊息已經處理完畢並推送出去，執行 Ack",
    "info": "",
    "x": 280,
    "y": 660,
    "wires": []
  },
  {
    "id": "1e3c48d9.ea60c7",
    "type": "MSSQL",
    "z": "b3daba32.87dcf8",
    "mssqlCN": "fb045111.949e58",
    "name": "模擬資料庫 A",
    "outField": "payload",
    "returnType": 0,
    "throwErrors": 1,
    "query": "SELECt TOP 10 * from [dbo].[DeliveryPool] WHERE CreateTime > DATEADD(HOUR, -2, CURRENT_TIMESTAMP)",
    "modeOpt": "",
    "modeOptType": "query",
    "queryOpt": "",
    "queryOptType": "editor",
    "paramsOpt": "queryParams",
    "paramsOptType": "msg",
    "rows": "rows",
    "rowsType": "msg",
    "params": [],
    "x": 550,
    "y": 1040,
    "wires": [
      [
        "98c84cb0.da988"
      ]
    ]
  },
  {
    "id": "decdd44d.b21758",
    "type": "inject",
    "z": "b3daba32.87dcf8",
    "name": "查詢模擬資料庫 A：兩小時內資料",
    "props": [
      {
        "p": "payload"
      },
      {
        "p": "topic",
        "vt": "str"
      }
    ],
    "repeat": "",
    "crontab": "",
    "once": false,
    "onceDelay": 0.1,
    "topic": "",
    "payload": "",
    "payloadType": "date",
    "x": 310,
    "y": 1040,
    "wires": [
      [
        "1e3c48d9.ea60c7"
      ]
    ]
  },
  {
    "id": "98c84cb0.da988",
    "type": "debug",
    "z": "b3daba32.87dcf8",
    "name": "",
    "active": true,
    "tosidebar": true,
    "console": false,
    "tostatus": false,
    "complete": "payload",
    "targetType": "msg",
    "statusVal": "",
    "statusType": "auto",
    "x": 770,
    "y": 1040,
    "wires": []
  },
  {
    "id": "b97a5e8.726a1a",
    "type": "cronplus",
    "z": "d9f7a7ca.78b728",
    "name": "每小時觸發清理模擬資料庫",
    "outputField": "payload",
    "timeZone": "",
    "persistDynamic": false,
    "commandResponseMsgOutput": "output1",
    "outputs": 1,
    "options": [
      {
        "name": "schedule1",
        "topic": "topic1",
        "payloadType": "default",
        "payload": "",
        "expressionType": "cron",
        "expression": "0 */60 * * * *",
        "location": "",
        "offset": "0",
        "solarType": "all",
        "solarEvents": "sunrise,sunset"
      }
    ],
    "x": 300,
    "y": 260,
    "wires": [
      [
        "db1f99cf.12a118",
        "37fec249.a73bce",
        "16b1d3f5.8b4a8c"
      ]
    ]
  },
  {
    "id": "37fec249.a73bce",
    "type": "MSSQL",
    "z": "d9f7a7ca.78b728",
    "mssqlCN": "fb045111.949e58",
    "name": "模擬資料庫 A",
    "outField": "payload",
    "returnType": 0,
    "throwErrors": "0",
    "query": "DELETE FROM [dbo].[DeliveryPool] WHERE CreateTime < DATEADD(HOUR, -1, CURRENT_TIMESTAMP) ",
    "modeOpt": "",
    "modeOptType": "query",
    "queryOpt": "",
    "queryOptType": "editor",
    "paramsOpt": "",
    "paramsOptType": "none",
    "rows": "rows",
    "rowsType": "msg",
    "params": [],
    "x": 610,
    "y": 260,
    "wires": [
      [
        "ae3e72c7.727de"
      ]
    ]
  },
  {
    "id": "db1f99cf.12a118",
    "type": "debug",
    "z": "d9f7a7ca.78b728",
    "name": "",
    "active": false,
    "tosidebar": true,
    "console": false,
    "tostatus": false,
    "complete": "false",
    "statusVal": "",
    "statusType": "auto",
    "x": 610,
    "y": 220,
    "wires": []
  },
  {
    "id": "16b1d3f5.8b4a8c",
    "type": "MSSQL",
    "z": "d9f7a7ca.78b728",
    "mssqlCN": "9c2cbfab.70ed",
    "name": "模擬資料庫 B",
    "outField": "payload",
    "returnType": 0,
    "throwErrors": "0",
    "query": "DELETE FROM [dbo].[DeliveryPool] WHERE CreateTime < DATEADD(HOUR, -1, CURRENT_TIMESTAMP) ",
    "modeOpt": "",
    "modeOptType": "query",
    "queryOpt": "",
    "queryOptType": "editor",
    "paramsOpt": "",
    "paramsOptType": "none",
    "rows": "rows",
    "rowsType": "msg",
    "params": [],
    "x": 610,
    "y": 320,
    "wires": [
      [
        "ae3e72c7.727de"
      ]
    ]
  },
  {
    "id": "ae3e72c7.727de",
    "type": "switch",
    "z": "d9f7a7ca.78b728",
    "name": "檢查結果",
    "property": "error",
    "propertyType": "msg",
    "rules": [
      {
        "t": "null"
      },
      {
        "t": "else"
      }
    ],
    "checkall": "false",
    "repair": false,
    "outputs": 2,
    "x": 810,
    "y": 280,
    "wires": [
      [
        "c881c4e0.53f1a8"
      ],
      [
        "1e0f48f2.438c27"
      ]
    ]
  },
  {
    "id": "c881c4e0.53f1a8",
    "type": "debug",
    "z": "d9f7a7ca.78b728",
    "name": "",
    "active": false,
    "tosidebar": true,
    "console": false,
    "tostatus": false,
    "complete": "false",
    "statusVal": "",
    "statusType": "auto",
    "x": 1010,
    "y": 240,
    "wires": []
  },
  {
    "id": "1e0f48f2.438c27",
    "type": "debug",
    "z": "d9f7a7ca.78b728",
    "name": "",
    "active": true,
    "tosidebar": true,
    "console": false,
    "tostatus": false,
    "complete": "false",
    "statusVal": "",
    "statusType": "auto",
    "x": 1010,
    "y": 340,
    "wires": []
  },
  {
    "id": "587aa3a4.dffc4c",
    "type": "comment",
    "z": "d9f7a7ca.78b728",
    "name": "成功",
    "info": "",
    "x": 990,
    "y": 200,
    "wires": []
  },
  {
    "id": "5b406153.bcdd6",
    "type": "comment",
    "z": "d9f7a7ca.78b728",
    "name": "失敗",
    "info": "",
    "x": 990,
    "y": 300,
    "wires": []
  }
]
