[
  {
    "id": "adcfe388.ff282",
    "type": "tab",
    "label": "Dispatcher",
    "disabled": false,
    "info": ""
  },
  {
    "id": "b3daba32.87dcf8",
    "type": "tab",
    "label": "測試工具",
    "disabled": false,
    "info": ""
  },
  {
    "id": "d45c1487.a44258",
    "type": "tab",
    "label": "單元測試",
    "disabled": false,
    "info": ""
  },
  {
    "id": "2ea956a4.1cf0ca",
    "type": "subflow",
    "name": "Message API 參數準備",
    "info": "",
    "category": "",
    "in": [
      {
        "x": 260,
        "y": 80,
        "wires": [
          {
            "id": "1b37a38.bb3795d"
          }
        ]
      }
    ],
    "out": [
      {
        "x": 1000,
        "y": 80,
        "wires": [
          {
            "id": "ff3fdb82.ef7c98",
            "port": 0
          }
        ]
      }
    ],
    "env": [],
    "meta": {},
    "color": "#DDAA99"
  },
  {
    "id": "9610aff8.a70458",
    "type": "redis-config",
    "name": "redis-cluster:6379",
    "options": "redis://redis-cluster:6379",
    "cluster": false,
    "optionsType": "str"
  },
  {
    "id": "a1b2b06d.089da",
    "type": "nats-streaming-server",
    "server": "gravity-realtime-nats",
    "port": "4222",
    "cluster": "external-stan"
  },
  {
    "id": "35b0806c.4ac0e8",
    "type": "MSSQL-CN",
    "tdsVersion": "7_4",
    "name": "Report MSSQL",
    "server": "{{{REPORT_DATABASE_HOST}}}",
    "port": "{{{REPORT_DATABASE_PORT}}}",
    "encyption": true,
    "trustServerCertificate": true,
    "database": "{{{REPORT_DATABASE_DB}}}",
    "useUTC": false,
    "connectTimeout": "15000",
    "requestTimeout": "15000",
    "cancelTimeout": "5000",
    "pool": "5",
    "parseJSON": false,
    "enableArithAbort": true
  },
  {
    "id": "1120185.4a64de8",
    "type": "MSSQL-CN",
    "d": true,
    "tdsVersion": "7_4",
    "name": "Sinopac Report DB",
    "server": "10.11.144.120",
    "port": "1433",
    "encyption": true,
    "trustServerCertificate": true,
    "database": "gravity",
    "useUTC": false,
    "connectTimeout": "15000",
    "requestTimeout": "15000",
    "cancelTimeout": "5000",
    "pool": "5",
    "parseJSON": false,
    "enableArithAbort": true
  },
  {
    "id": "fb045111.949e58",
    "type": "MSSQL-CN",
    "tdsVersion": "7_4",
    "name": "Source1-1",
    "server": "{{{REALTIME1_DATABASE_HOST}}}",
    "port": "{{{REALTIME1_DATABASE_PORT}}}",
    "encyption": true,
    "trustServerCertificate": true,
    "database": "{{{REALTIME1_DATABASE_DB}}}",
    "useUTC": true,
    "connectTimeout": "15000",
    "requestTimeout": "15000",
    "cancelTimeout": "5000",
    "pool": "5",
    "parseJSON": false,
    "enableArithAbort": true
  },
  {
    "id": "9c2cbfab.70ed",
    "type": "MSSQL-CN",
    "tdsVersion": "7_4",
    "name": "Source2",
    "server": "{{{REALTIME2_DATABASE_HOST}}}",
    "port": "{{{REALTIME2_DATABASE_PORT}}}",
    "encyption": true,
    "trustServerCertificate": true,
    "database": "{{{REALTIME2_DATABASE_DB}}}",
    "useUTC": false,
    "connectTimeout": "15000",
    "requestTimeout": "15000",
    "cancelTimeout": "5000",
    "pool": "5",
    "parseJSON": false,
    "enableArithAbort": true
  },
  {
    "id": "f5f38059.cff68",
    "type": "NATS JetStream Server",
    "server": "gravity-realtime-nats",
    "port": "4222"
  },
  {
    "id": "d5ea6b2c.db37a8",
    "type": "NATS JetStream Stream",
    "stream": "NBP_SMS_Realtime_Pending",
    "description": "",
    "subjects": "NBP.SMS.Realtime.Pending",
    "max_msgs": "-1",
    "max_age": "30",
    "max_ageunit": "day",
    "max_size": "2",
    "max_sizeunit": "gb",
    "num_replicas": "1"
  },
  {
    "id": "64365eeb.eb363",
    "type": "http request",
    "z": "adcfe388.ff282",
    "name": "Call Message API to send",
    "method": "POST",
    "ret": "obj",
    "paytoqs": "ignore",
    "url": "{{{topic}}}",
    "tls": "",
    "persist": false,
    "proxy": "",
    "authType": "",
    "x": 950,
    "y": 1180,
    "wires": [
      [
        "a8d8f639.1601a8",
        "93b16cdd.9af5d",
        "75c2f9b3.d576b8"
      ]
    ]
  },
  {
    "id": "a8d8f639.1601a8",
    "type": "switch",
    "z": "adcfe388.ff282",
    "name": "檢查 API 是否回應成功",
    "property": "statusCode",
    "propertyType": "msg",
    "rules": [
      {
        "t": "eq",
        "v": "200",
        "vt": "num"
      },
      {
        "t": "eq",
        "v": "400",
        "vt": "str"
      },
      {
        "t": "else"
      }
    ],
    "checkall": "false",
    "repair": false,
    "outputs": 3,
    "x": 1480,
    "y": 1180,
    "wires": [
      [
        "729557c0.9d2128"
      ],
      [
        "a904605b.54e13",
        "75d2d56.6b37a2c"
      ],
      [
        "4ffd8d60.a5d1c4",
        "b1efde4f.38db2",
        "680ba473.72a17c"
      ]
    ]
  },
  {
    "id": "62579cf7.32a714",
    "type": "MSSQL",
    "z": "b3daba32.87dcf8",
    "mssqlCN": "fb045111.949e58",
    "name": "模擬資料庫 A",
    "outField": "payload",
    "returnType": 0,
    "throwErrors": 1,
    "query": "INSERT INTO [dbo].[DeliveryPool] (\n    MPhoneNum,\n    MsgData,\n    Priority,\n    BookingTime,\n    ExpireTime,\n    DepID,\n    MsgType,\n    Memo,\n    SenderID,\n    Bu,\n    Company,\n    Channel,\n    Reference,\n    RequestUID,\n    ObjectID\n) VALUES (\n    '{{{payload.MPhoneNum}}}',\n    '{{{payload.MsgData}}}',\n    {{{payload.Priority}}},\n    '{{{payload.BookingTime}}}',\n    {{{payload.ExpireTime}}},\n    '{{{payload.DepID}}}',\n    '{{{payload.MsgType}}}',\n    '{{{payload.Memo}}}',\n    '{{{payload.SenderID}}}',\n    '{{{payload.Bu}}}',\n    '{{{payload.Company}}}',\n    '{{{payload.Channel}}}',\n    '{{{payload.Reference}}}',\n    '{{{payload.RequestUID}}}',\n    '{{{payload.ObjectID}}}'\n) ",
    "modeOpt": "",
    "modeOptType": "query",
    "queryOpt": "",
    "queryOptType": "editor",
    "paramsOpt": "queryParams",
    "paramsOptType": "msg",
    "rows": "rows",
    "rowsType": "msg",
    "params": [],
    "x": 970,
    "y": 120,
    "wires": [
      []
    ]
  },
  {
    "id": "59e79d2e.a61a04",
    "type": "function",
    "z": "b3daba32.87dcf8",
    "name": "Prepare Fake Data",
    "func": "\nmsg.payload = {\n    MPhoneNum: '0986529175',\n    MsgData: 'Write SMS Data Test (中文)',\n    Priority: 9,\n    BookingTime: new Date().format('yyyy-MM-dd hh:mm:ss'),\n    ExpireTime: 10000,\n    DepID: '114',\n    MsgType: '82',\n    Memo: 'Test Memo',\n    SenderID: 'J120323807',\n    Bu: 'BU2000',\n    Company: 'SPHBK1',\n    Channel: 'AUTH',\n    Reference: 'Ref',\n    RequestUID: 'uuid',\n    ObjectID: 'TestObjectID'\n}\n\nreturn msg;",
    "outputs": 1,
    "noerr": 0,
    "initialize": "Date.prototype.format = function (fmt) {\n    var o = {\n        \"M+\": this.getMonth() + 1,\n        \"d+\": this.getDate(), \n        \"h+\": this.getHours(), \n        \"m+\": this.getMinutes(), \n        \"s+\": this.getSeconds(),\n        \"q+\": Math.floor((this.getMonth() + 3) / 3),\n        \"S\": this.getMilliseconds()\n    };\n\n    if (/(y+)/.test(fmt)) {\n      fmt = fmt.replace(RegExp.$1, (this.getFullYear() + \"\").substr(4 - RegExp.$1.length));\n    }\n\n    for (var k in o) {\n      if (new RegExp(\"(\" + k + \")\").test(fmt))\n        fmt = fmt.replace(RegExp.$1, (RegExp.$1.length == 1) ? (o[k]) : ((\"00\" + o[k]).substr((\"\" + o[k]).length)));\n    }\n\n    return fmt;\n}",
    "finalize": "",
    "libs": [],
    "x": 510,
    "y": 120,
    "wires": [
      [
        "fb63d581.ac2f48"
      ]
    ]
  },
  {
    "id": "fb63d581.ac2f48",
    "type": "uuid",
    "z": "b3daba32.87dcf8",
    "uuidVersion": "v4",
    "namespaceType": "",
    "namespace": "",
    "namespaceCustom": "",
    "name": "Generate RequestUID",
    "field": "payload.RequestUID",
    "fieldType": "msg",
    "x": 760,
    "y": 120,
    "wires": [
      [
        "316ba229.4f8c3e",
        "62579cf7.32a714"
      ]
    ]
  },
  {
    "id": "de481ef9.b9c63",
    "type": "inject",
    "z": "b3daba32.87dcf8",
    "name": "寫入模擬資料庫 A",
    "props": [
      {
        "p": "payload"
      },
      {
        "p": "topic",
        "vt": "str"
      }
    ],
    "repeat": "",
    "crontab": "",
    "once": false,
    "onceDelay": 0.1,
    "topic": "",
    "payload": "",
    "payloadType": "date",
    "x": 270,
    "y": 120,
    "wires": [
      [
        "59e79d2e.a61a04"
      ]
    ]
  },
  {
    "id": "316ba229.4f8c3e",
    "type": "debug",
    "z": "b3daba32.87dcf8",
    "name": "",
    "active": true,
    "tosidebar": true,
    "console": false,
    "tostatus": false,
    "complete": "payload",
    "targetType": "msg",
    "statusVal": "",
    "statusType": "auto",
    "x": 970,
    "y": 80,
    "wires": []
  },
  {
    "id": "931bd0f8.dd1b9",
    "type": "MSSQL",
    "z": "b3daba32.87dcf8",
    "mssqlCN": "9c2cbfab.70ed",
    "name": "模擬資料庫 B",
    "outField": "payload",
    "returnType": 0,
    "throwErrors": 1,
    "query": "INSERT INTO [dbo].[DeliveryPool] (\n    MPhoneNum,\n    MsgData,\n    Priority,\n    BookingTime,\n    ExpireTime,\n    DepID,\n    MsgType,\n    Memo,\n    SenderID,\n    Bu,\n    Company,\n    Channel,\n    Reference,\n    RequestUID,\n    ObjectID\n) VALUES (\n    '{{{payload.MPhoneNum}}}',\n    '{{{payload.MsgData}}}',\n    {{{payload.Priority}}},\n    '{{{payload.BookingTime}}}',\n    {{{payload.ExpireTime}}},\n    '{{{payload.DepID}}}',\n    '{{{payload.MsgType}}}',\n    '{{{payload.Memo}}}',\n    '{{{payload.SenderID}}}',\n    '{{{payload.Bu}}}',\n    '{{{payload.Company}}}',\n    '{{{payload.Channel}}}',\n    '{{{payload.Reference}}}',\n    '{{{payload.RequestUID}}}',\n    '{{{payload.ObjectID}}}'\n) ",
    "modeOpt": "",
    "modeOptType": "query",
    "queryOpt": "",
    "queryOptType": "editor",
    "paramsOpt": "queryParams",
    "paramsOptType": "msg",
    "rows": "rows",
    "rowsType": "msg",
    "params": [],
    "x": 970,
    "y": 360,
    "wires": [
      []
    ]
  },
  {
    "id": "ec158a9c.df3d18",
    "type": "function",
    "z": "b3daba32.87dcf8",
    "name": "Prepare Fake Data",
    "func": "\nmsg.payload = {\n    MPhoneNum: '0986529175',\n    MsgData: 'Write SMS Data Test (中文)',\n    Priority: 9,\n    BookingTime: new Date().format('yyyy-MM-dd hh:mm:ss'),\n    ExpireTime: 10000,\n    DepID: '114',\n    MsgType: '82',\n    Memo: 'Test Memo',\n    SenderID: 'J120323807',\n    Bu: 'BU2000',\n    Company: 'SPHBK1',\n    Channel: 'AUTH',\n    Reference: 'Ref',\n    RequestUID: 'uuid',\n    ObjectID: 'TestObjectID'\n}\n\nreturn msg;",
    "outputs": 1,
    "noerr": 0,
    "initialize": "Date.prototype.format = function (fmt) {\n    var o = {\n        \"M+\": this.getMonth() + 1,\n        \"d+\": this.getDate(), \n        \"h+\": this.getHours(), \n        \"m+\": this.getMinutes(), \n        \"s+\": this.getSeconds(),\n        \"q+\": Math.floor((this.getMonth() + 3) / 3),\n        \"S\": this.getMilliseconds()\n    };\n\n    if (/(y+)/.test(fmt)) {\n      fmt = fmt.replace(RegExp.$1, (this.getFullYear() + \"\").substr(4 - RegExp.$1.length));\n    }\n\n    for (var k in o) {\n      if (new RegExp(\"(\" + k + \")\").test(fmt))\n        fmt = fmt.replace(RegExp.$1, (RegExp.$1.length == 1) ? (o[k]) : ((\"00\" + o[k]).substr((\"\" + o[k]).length)));\n    }\n\n    return fmt;\n}",
    "finalize": "",
    "libs": [],
    "x": 510,
    "y": 360,
    "wires": [
      [
        "5904504c.bb66d"
      ]
    ]
  },
  {
    "id": "5904504c.bb66d",
    "type": "uuid",
    "z": "b3daba32.87dcf8",
    "uuidVersion": "v4",
    "namespaceType": "",
    "namespace": "",
    "namespaceCustom": "",
    "name": "Generate RequestUID",
    "field": "payload.RequestUID",
    "fieldType": "msg",
    "x": 760,
    "y": 360,
    "wires": [
      [
        "8a7f53d9.74ebc",
        "931bd0f8.dd1b9"
      ]
    ]
  },
  {
    "id": "3f048514.eb062a",
    "type": "inject",
    "z": "b3daba32.87dcf8",
    "name": "寫入模擬資料庫 B",
    "props": [
      {
        "p": "payload"
      },
      {
        "p": "topic",
        "vt": "str"
      }
    ],
    "repeat": "",
    "crontab": "",
    "once": false,
    "onceDelay": 0.1,
    "topic": "",
    "payload": "",
    "payloadType": "date",
    "x": 270,
    "y": 360,
    "wires": [
      [
        "ec158a9c.df3d18"
      ]
    ]
  },
  {
    "id": "8a7f53d9.74ebc",
    "type": "debug",
    "z": "b3daba32.87dcf8",
    "name": "",
    "active": true,
    "tosidebar": true,
    "console": false,
    "tostatus": false,
    "complete": "payload",
    "targetType": "msg",
    "statusVal": "",
    "statusType": "auto",
    "x": 970,
    "y": 320,
    "wires": []
  },
  {
    "id": "ba22021e.f8fa9",
    "type": "comment",
    "z": "b3daba32.87dcf8",
    "name": "寫入測試訊息至模擬資料庫",
    "info": "",
    "x": 220,
    "y": 60,
    "wires": []
  },
  {
    "id": "dfa283e0.1ff1b",
    "type": "MSSQL",
    "z": "b3daba32.87dcf8",
    "mssqlCN": "fb045111.949e58",
    "name": "模擬資料庫 A",
    "outField": "payload",
    "returnType": 0,
    "throwErrors": 1,
    "query": "INSERT INTO [dbo].[DeliveryPool] (\n    MPhoneNum,\n    MsgData,\n    Priority,\n    BookingTime,\n    ExpireTime,\n    DepID,\n    MsgType,\n    Memo,\n    SenderID,\n    Bu,\n    Company,\n    Channel,\n    Reference,\n    RequestUID,\n    ObjectID\n) VALUES (\n    '{{{payload.MPhoneNum}}}',\n    '{{{payload.MsgData}}}',\n    {{{payload.Priority}}},\n    '{{{payload.BookingTime}}}',\n    {{{payload.ExpireTime}}},\n    '{{{payload.DepID}}}',\n    '{{{payload.MsgType}}}',\n    '{{{payload.Memo}}}',\n    '{{{payload.SenderID}}}',\n    '{{{payload.Bu}}}',\n    '{{{payload.Company}}}',\n    '{{{payload.Channel}}}',\n    '{{{payload.Reference}}}',\n    '{{{payload.RequestUID}}}',\n    '{{{payload.ObjectID}}}'\n) ",
    "modeOpt": "",
    "modeOptType": "query",
    "queryOpt": "",
    "queryOptType": "editor",
    "paramsOpt": "queryParams",
    "paramsOptType": "msg",
    "rows": "rows",
    "rowsType": "msg",
    "params": [],
    "x": 970,
    "y": 480,
    "wires": [
      []
    ]
  },
  {
    "id": "36e7eaa7.97cb36",
    "type": "function",
    "z": "b3daba32.87dcf8",
    "name": "Prepare Fake Data",
    "func": "\nmsg.payload = {\n    MPhoneNum: '0986529175',\n    MsgData: 'Write SMS Data Test (中文)',\n    Priority: 9,\n    BookingTime: new Date(Date.now() - 2000).format('yyyy-MM-dd hh:mm:ss'),\n    ExpireTime: 1000,\n    DepID: '114',\n    MsgType: '82',\n    Memo: 'Test Memo',\n    SenderID: 'J120323807',\n    Bu: 'BU2000',\n    Company: 'SPHBK1',\n    Channel: 'AUTH',\n    Reference: 'Ref',\n    RequestUID: 'uuid',\n    ObjectID: 'TestObjectID'\n}\n\nreturn msg;",
    "outputs": 1,
    "noerr": 0,
    "initialize": "Date.prototype.format = function (fmt) {\n    var o = {\n        \"M+\": this.getMonth() + 1,\n        \"d+\": this.getDate(), \n        \"h+\": this.getHours(), \n        \"m+\": this.getMinutes(), \n        \"s+\": this.getSeconds(),\n        \"q+\": Math.floor((this.getMonth() + 3) / 3),\n        \"S\": this.getMilliseconds()\n    };\n\n    if (/(y+)/.test(fmt)) {\n      fmt = fmt.replace(RegExp.$1, (this.getFullYear() + \"\").substr(4 - RegExp.$1.length));\n    }\n\n    for (var k in o) {\n      if (new RegExp(\"(\" + k + \")\").test(fmt))\n        fmt = fmt.replace(RegExp.$1, (RegExp.$1.length == 1) ? (o[k]) : ((\"00\" + o[k]).substr((\"\" + o[k]).length)));\n    }\n\n    return fmt;\n}",
    "finalize": "",
    "libs": [],
    "x": 510,
    "y": 480,
    "wires": [
      [
        "ac3a468b.527c68"
      ]
    ]
  },
  {
    "id": "ac3a468b.527c68",
    "type": "uuid",
    "z": "b3daba32.87dcf8",
    "uuidVersion": "v4",
    "namespaceType": "",
    "namespace": "",
    "namespaceCustom": "",
    "name": "Generate RequestUID",
    "field": "payload.RequestUID",
    "fieldType": "msg",
    "x": 760,
    "y": 480,
    "wires": [
      [
        "38efbb1c.89bc64",
        "dfa283e0.1ff1b"
      ]
    ]
  },
  {
    "id": "1934f108.b8ebdf",
    "type": "inject",
    "z": "b3daba32.87dcf8",
    "name": "寫入過期訊息",
    "props": [
      {
        "p": "payload"
      },
      {
        "p": "topic",
        "vt": "str"
      }
    ],
    "repeat": "",
    "crontab": "",
    "once": false,
    "onceDelay": 0.1,
    "topic": "",
    "payload": "",
    "payloadType": "date",
    "x": 250,
    "y": 480,
    "wires": [
      [
        "36e7eaa7.97cb36"
      ]
    ]
  },
  {
    "id": "38efbb1c.89bc64",
    "type": "debug",
    "z": "b3daba32.87dcf8",
    "name": "",
    "active": true,
    "tosidebar": true,
    "console": false,
    "tostatus": false,
    "complete": "payload",
    "targetType": "msg",
    "statusVal": "",
    "statusType": "auto",
    "x": 970,
    "y": 440,
    "wires": []
  },
  {
    "id": "23831405.8d1adc",
    "type": "comment",
    "z": "b3daba32.87dcf8",
    "name": "查詢模擬資料庫",
    "info": "",
    "x": 200,
    "y": 580,
    "wires": []
  },
  {
    "id": "196aa58a.e2cafa",
    "type": "MSSQL",
    "z": "b3daba32.87dcf8",
    "mssqlCN": "fb045111.949e58",
    "name": "模擬資料庫 A",
    "outField": "payload",
    "returnType": 0,
    "throwErrors": 1,
    "query": "SELECt * from [dbo].[DeliveryPool] ORDER BY CreateTime DESC",
    "modeOpt": "",
    "modeOptType": "query",
    "queryOpt": "",
    "queryOptType": "editor",
    "paramsOpt": "queryParams",
    "paramsOptType": "msg",
    "rows": "rows",
    "rowsType": "msg",
    "params": [],
    "x": 490,
    "y": 640,
    "wires": [
      [
        "7f2d854.4d0847c"
      ]
    ]
  },
  {
    "id": "618ed927.dd4978",
    "type": "inject",
    "z": "b3daba32.87dcf8",
    "name": "查詢模擬資料庫 A",
    "props": [
      {
        "p": "payload"
      },
      {
        "p": "topic",
        "vt": "str"
      }
    ],
    "repeat": "",
    "crontab": "",
    "once": false,
    "onceDelay": 0.1,
    "topic": "",
    "payload": "",
    "payloadType": "date",
    "x": 270,
    "y": 640,
    "wires": [
      [
        "196aa58a.e2cafa"
      ]
    ]
  },
  {
    "id": "7f2d854.4d0847c",
    "type": "debug",
    "z": "b3daba32.87dcf8",
    "name": "",
    "active": true,
    "tosidebar": true,
    "console": false,
    "tostatus": false,
    "complete": "payload",
    "targetType": "msg",
    "statusVal": "",
    "statusType": "auto",
    "x": 710,
    "y": 640,
    "wires": []
  },
  {
    "id": "f2947105.42a4c",
    "type": "MSSQL",
    "z": "b3daba32.87dcf8",
    "mssqlCN": "9c2cbfab.70ed",
    "name": "模擬資料庫 B",
    "outField": "payload",
    "returnType": 0,
    "throwErrors": 1,
    "query": "SELECt * from [dbo].[DeliveryPool] ORDER BY CreateTime",
    "modeOpt": "",
    "modeOptType": "query",
    "queryOpt": "",
    "queryOptType": "editor",
    "paramsOpt": "queryParams",
    "paramsOptType": "msg",
    "rows": "rows",
    "rowsType": "msg",
    "params": [],
    "x": 490,
    "y": 720,
    "wires": [
      [
        "5c405603.1731b8"
      ]
    ]
  },
  {
    "id": "afedb09e.d733a",
    "type": "inject",
    "z": "b3daba32.87dcf8",
    "name": "查詢模擬資料庫 B",
    "props": [
      {
        "p": "payload"
      },
      {
        "p": "topic",
        "vt": "str"
      }
    ],
    "repeat": "",
    "crontab": "",
    "once": false,
    "onceDelay": 0.1,
    "topic": "",
    "payload": "",
    "payloadType": "date",
    "x": 270,
    "y": 720,
    "wires": [
      [
        "f2947105.42a4c"
      ]
    ]
  },
  {
    "id": "5c405603.1731b8",
    "type": "debug",
    "z": "b3daba32.87dcf8",
    "name": "",
    "active": true,
    "tosidebar": true,
    "console": false,
    "tostatus": false,
    "complete": "payload",
    "targetType": "msg",
    "statusVal": "",
    "statusType": "auto",
    "x": 710,
    "y": 720,
    "wires": []
  },
  {
    "id": "1b37a38.bb3795d",
    "type": "json",
    "z": "2ea956a4.1cf0ca",
    "name": "",
    "property": "payload",
    "action": "obj",
    "pretty": false,
    "x": 570,
    "y": 80,
    "wires": [
      [
        "ff3fdb82.ef7c98"
      ]
    ]
  },
  {
    "id": "ff3fdb82.ef7c98",
    "type": "function",
    "z": "2ea956a4.1cf0ca",
    "name": "準備 API 參數",
    "func": "// Keep raw data\nmsg.rawData = msg.payload;\n\n// HTTP headers\nmsg.headers = {\n    \"X-API-Key\": env.get(\"MESSAGE_API_TOKEN\")\n    \n};\n\n// Body\nlet payload = msg.payload;\nmsg.payload = {\n    \"priority\": payload.Priority,\n    \"expireTime\": context.get('util.timeFormat')(new Date(payload.ExpiredAt), 'yyyyMMddhhmmss'),\n    \"msgType\": payload.MsgType || \"\",\n    \"reqDepartment\": payload.DepID || \"\",\n    \"reqBu\": payload.Bu || \"\",\n    \"reqCompany\": payload.Company || \"\",\n    \"reqChannel\": payload.Channel || \"\",\n    \"reqObjectId\": payload.ObjectID || \"\",\n    //\"memo\": payload.Memo || \"\",\n    \"content\": payload.MsgData || \"\",\n    \"sourceIsBank\": payload.SourceIsBank,\n    \"region\": payload.Region || \"TW\",\n    \"data\": [ {\n        \"customerPhone\": payload.MPhoneNum || \"\",\n        \"customerId\": payload.SenderID || \"\",\n        \"customerReference\": payload.Reference || \"\",\n        \"isInternational\": payload.IsInternational || false,\n        \"reqMemo\": payload.Memo || \"\",\n        \"extraType\": payload.ExtraType || \"\",\n        \"reqCreateTime\": context.get('util.timeFormat')(new Date(payload.CreateTime), 'yyyyMMddhhmmss'),\n        \"reqUid\": payload.RequestUID || \"\"\n        }\n    ]\n}\n\n// Request settings\nmsg.topic = env.get('MESSAGE_API_URL');\nmsg.requestTimeout = 1000 * 200;\n\nreturn msg\n",
    "outputs": 1,
    "noerr": 0,
    "initialize": "context.set('util.timeFormat', function(d, fmt) {\n    var o = {\n        \"M+\": d.getMonth() + 1,\n        \"d+\": d.getDate(), \n        \"h+\": d.getHours(), \n        \"m+\": d.getMinutes(), \n        \"s+\": d.getSeconds(),\n        \"q+\": Math.floor((d.getMonth() + 3) / 3),\n        \"S\": d.getMilliseconds()\n    };\n\n    if (/(y+)/.test(fmt)) {\n      fmt = fmt.replace(RegExp.$1, (d.getFullYear() + \"\").substr(4 - RegExp.$1.length));\n    }\n\n    for (var k in o) {\n      if (new RegExp(\"(\" + k + \")\").test(fmt))\n        fmt = fmt.replace(RegExp.$1, (RegExp.$1.length == 1) ? (o[k]) : ((\"00\" + o[k]).substr((\"\" + o[k]).length)));\n    }\n\n    return fmt;\n\n})",
    "finalize": "",
    "libs": [],
    "x": 740,
    "y": 80,
    "wires": [
      []
    ]
  },
  {
    "id": "3dfbbc70.80edd4",
    "type": "subflow:2ea956a4.1cf0ca",
    "z": "adcfe388.ff282",
    "name": "準備 API 參數",
    "env": [],
    "x": 700,
    "y": 1180,
    "wires": [
      [
        "d9bc9126.7fd15",
        "64365eeb.eb363"
      ]
    ]
  },
  {
    "id": "b31ba388.55036",
    "type": "inject",
    "z": "d45c1487.a44258",
    "name": "輸入訊息測試資料",
    "props": [
      {
        "p": "payload"
      },
      {
        "p": "topic",
        "vt": "str"
      }
    ],
    "repeat": "",
    "crontab": "",
    "once": false,
    "onceDelay": 0.1,
    "topic": "",
    "payload": "",
    "payloadType": "date",
    "x": 390,
    "y": 560,
    "wires": [
      [
        "5e13f494.45508c"
      ]
    ]
  },
  {
    "id": "5e13f494.45508c",
    "type": "template",
    "z": "d45c1487.a44258",
    "name": "Sample data",
    "field": "payload",
    "fieldType": "msg",
    "format": "json",
    "syntax": "mustache",
    "template": "{\n    \"UID\":\"4fe5423e-f36b-1410-83d1-0004fa34a454\",\n    \"SerialNum\":0,\n    \"MPhoneNum\":\"0986529175\",\n    \"MsgData\":\"Write SMS Data Test (中文)\",\n    \"Priority\":9,\n    \"BookingTime\":\"2022-10-02 01:27:52\",\n    \"ExpireTime\":\"2022-10-02 01:27:53\",\n    \"CurrentTime\":\"2022-10-01 17:28:44\",\n    \"DepID\":\"114\",\n    \"MsgType\":\"82\",\n    \"Memo\":\"Test Memo\",\n    \"SenderID\":\"J120323807\",\n    \"Bu\":\"BU2000\",\n    \"Company\":\"SPHBK1\",\n    \"Channel\":\"AUTH\",\n    \"Reference\":\"Ref\",\n    \"RequestUID\":\"297ecc1a-8a34-448b-b461-e692631ce48a\",\n    \"ObjectID\":\"TestObjectID\",\n    \"IsExpired\":false\n    \n}",
    "output": "json",
    "x": 630,
    "y": 560,
    "wires": [
      [
        "ec70faf.4467608"
      ]
    ]
  },
  {
    "id": "87fd00d6.6245b",
    "type": "comment",
    "z": "d45c1487.a44258",
    "name": "測試 Message API 參數準備",
    "info": "",
    "x": 340,
    "y": 500,
    "wires": []
  },
  {
    "id": "ec70faf.4467608",
    "type": "subflow:2ea956a4.1cf0ca",
    "z": "d45c1487.a44258",
    "name": "",
    "x": 860,
    "y": 560,
    "wires": [
      [
        "155c6539.b7014b",
        "d9f6c585.014ee8"
      ]
    ]
  },
  {
    "id": "155c6539.b7014b",
    "type": "debug",
    "z": "d45c1487.a44258",
    "name": "body",
    "active": true,
    "tosidebar": true,
    "console": false,
    "tostatus": false,
    "complete": "payload",
    "targetType": "msg",
    "statusVal": "",
    "statusType": "auto",
    "x": 1070,
    "y": 540,
    "wires": []
  },
  {
    "id": "d9f6c585.014ee8",
    "type": "debug",
    "z": "d45c1487.a44258",
    "name": "headers",
    "active": true,
    "tosidebar": true,
    "console": false,
    "tostatus": false,
    "complete": "headers",
    "targetType": "msg",
    "statusVal": "",
    "statusType": "auto",
    "x": 1080,
    "y": 580,
    "wires": []
  },
  {
    "id": "ad69801e.37141",
    "type": "http request",
    "z": "adcfe388.ff282",
    "name": "模擬訊息發送 API",
    "method": "POST",
    "ret": "obj",
    "paytoqs": "ignore",
    "url": "localhost:1880/apis/v1/test/message",
    "tls": "",
    "persist": false,
    "proxy": "",
    "authType": "",
    "x": 1190,
    "y": 1340,
    "wires": [
      [
        "6193c893.f6fb38",
        "a8d8f639.1601a8"
      ]
    ]
  },
  {
    "id": "9bcf5fd9.243c5",
    "type": "http in",
    "z": "d45c1487.a44258",
    "name": "",
    "url": "/apis/v1/test/message",
    "method": "post",
    "upload": false,
    "swaggerDoc": "",
    "x": 420,
    "y": 840,
    "wires": [
      [
        "d4db15b1.876068"
      ]
    ]
  },
  {
    "id": "d4db15b1.876068",
    "type": "json",
    "z": "d45c1487.a44258",
    "name": "",
    "property": "payload",
    "action": "obj",
    "pretty": false,
    "x": 660,
    "y": 840,
    "wires": [
      [
        "ac64f43c.570028",
        "87aba3d8.61c8c"
      ]
    ]
  },
  {
    "id": "20a8a2e0.58f56e",
    "type": "http response",
    "z": "d45c1487.a44258",
    "name": "",
    "statusCode": "200",
    "headers": {},
    "x": 1000,
    "y": 840,
    "wires": []
  },
  {
    "id": "ef251c36.be7db",
    "type": "comment",
    "z": "d45c1487.a44258",
    "name": "模擬訊息發送 API",
    "info": "",
    "x": 300,
    "y": 780,
    "wires": []
  },
  {
    "id": "57a12720.159138",
    "type": "subflow:2ea956a4.1cf0ca",
    "z": "d45c1487.a44258",
    "name": "準備 API 參數",
    "env": [],
    "x": 880,
    "y": 1140,
    "wires": [
      [
        "ea49c38a.bca5a",
        "3ca7563d.d6d71a"
      ]
    ]
  },
  {
    "id": "3ca7563d.d6d71a",
    "type": "http request",
    "z": "d45c1487.a44258",
    "name": "模擬訊息發送 API",
    "method": "POST",
    "ret": "obj",
    "paytoqs": "ignore",
    "url": "localhost:1880/apis/v1/test/message",
    "tls": "",
    "persist": false,
    "proxy": "",
    "authType": "",
    "x": 1130,
    "y": 1140,
    "wires": [
      [
        "a4a5481c.5a0f98",
        "65ad82e2.b348ec",
        "a7467324.2665d"
      ]
    ]
  },
  {
    "id": "65ad82e2.b348ec",
    "type": "switch",
    "z": "d45c1487.a44258",
    "name": "檢查 API 是否回應成功",
    "property": "statusCode",
    "propertyType": "msg",
    "rules": [
      {
        "t": "eq",
        "v": "200",
        "vt": "str"
      },
      {
        "t": "else"
      }
    ],
    "checkall": "false",
    "repair": false,
    "outputs": 2,
    "x": 1420,
    "y": 1140,
    "wires": [
      [
        "9737bdfd.5c1be"
      ],
      [
        "9737bdfd.5c1be"
      ]
    ]
  },
  {
    "id": "c64023d8.3d4a9",
    "type": "template",
    "z": "d45c1487.a44258",
    "name": "Sample data",
    "field": "payload",
    "fieldType": "msg",
    "format": "json",
    "syntax": "mustache",
    "template": "{\n    \"UID\":\"4fe5423e-f36b-1410-83d1-0004fa34a454\",\n    \"SerialNum\":0,\n    \"MPhoneNum\":\"0986529175\",\n    \"MsgData\":\"Write SMS Data Test (中文)\",\n    \"Priority\":9,\n    \"BookingTime\":\"2022-10-02 01:27:52\",\n    \"ExpireTime\":\"2022-10-02 01:27:53\",\n    \"CurrentTime\":\"2022-10-01 17:28:44\",\n    \"DepID\":\"114\",\n    \"MsgType\":\"82\",\n    \"Memo\":\"Test Memo\",\n    \"SenderID\":\"J120323807\",\n    \"Bu\":\"BU2000\",\n    \"Company\":\"SPHBK1\",\n    \"Channel\":\"AUTH\",\n    \"Reference\":\"Ref\",\n    \"RequestUID\":\"297ecc1a-8a34-448b-b461-e692631ce48a\",\n    \"ObjectID\":\"TestObjectID\",\n    \"IsExpired\":false\n    \n}",
    "output": "json",
    "x": 630,
    "y": 1140,
    "wires": [
      [
        "57a12720.159138"
      ]
    ]
  },
  {
    "id": "db395ca5.4f5c3",
    "type": "inject",
    "z": "d45c1487.a44258",
    "name": "輸入訊息測試資料",
    "props": [
      {
        "p": "payload"
      },
      {
        "p": "topic",
        "vt": "str"
      }
    ],
    "repeat": "",
    "crontab": "",
    "once": false,
    "onceDelay": 0.1,
    "topic": "",
    "payload": "",
    "payloadType": "date",
    "x": 410,
    "y": 1140,
    "wires": [
      [
        "c64023d8.3d4a9"
      ]
    ]
  },
  {
    "id": "9737bdfd.5c1be",
    "type": "debug",
    "z": "d45c1487.a44258",
    "name": "",
    "active": true,
    "tosidebar": true,
    "console": false,
    "tostatus": false,
    "complete": "false",
    "statusVal": "",
    "statusType": "auto",
    "x": 1630,
    "y": 1140,
    "wires": []
  },
  {
    "id": "a4a5481c.5a0f98",
    "type": "debug",
    "z": "d45c1487.a44258",
    "name": "",
    "active": true,
    "tosidebar": true,
    "console": false,
    "tostatus": false,
    "complete": "payload",
    "targetType": "msg",
    "statusVal": "",
    "statusType": "auto",
    "x": 1390,
    "y": 1080,
    "wires": []
  },
  {
    "id": "a7467324.2665d",
    "type": "debug",
    "z": "d45c1487.a44258",
    "name": "",
    "active": true,
    "tosidebar": true,
    "console": false,
    "tostatus": false,
    "complete": "payload",
    "targetType": "msg",
    "statusVal": "",
    "statusType": "auto",
    "x": 1390,
    "y": 1200,
    "wires": []
  },
  {
    "id": "ac64f43c.570028",
    "type": "function",
    "z": "d45c1487.a44258",
    "name": "",
    "func": "msg.payload = {\n    results: [\n        {\n            sendRecordUid: msg.payload.data[0].reqUid,\n        }\n    ],\n    sendUid: msg.payload.data[0].reqUid,\n}\n\nreturn msg;",
    "outputs": 1,
    "noerr": 0,
    "initialize": "",
    "finalize": "",
    "libs": [],
    "x": 830,
    "y": 840,
    "wires": [
      [
        "20a8a2e0.58f56e"
      ]
    ]
  },
  {
    "id": "87aba3d8.61c8c",
    "type": "debug",
    "z": "d45c1487.a44258",
    "name": "",
    "active": true,
    "tosidebar": true,
    "console": false,
    "tostatus": false,
    "complete": "false",
    "statusVal": "",
    "statusType": "auto",
    "x": 850,
    "y": 780,
    "wires": []
  },
  {
    "id": "ea49c38a.bca5a",
    "type": "debug",
    "z": "d45c1487.a44258",
    "name": "",
    "active": true,
    "tosidebar": true,
    "console": false,
    "tostatus": false,
    "complete": "false",
    "statusVal": "",
    "statusType": "auto",
    "x": 1110,
    "y": 1100,
    "wires": []
  },
  {
    "id": "3b8c6b05.263354",
    "type": "template",
    "z": "adcfe388.ff282",
    "name": "Sample data",
    "field": "payload",
    "fieldType": "msg",
    "format": "json",
    "syntax": "mustache",
    "template": "{\n    \"UID\":\"4fe5423e-f36b-1410-83d1-0004fa34a454\",\n    \"SerialNum\":0,\n    \"MPhoneNum\":\"0986529175\",\n    \"MsgData\":\"Write SMS Data Test (中文)\",\n    \"Priority\":9,\n    \"BookingTime\":\"2022-10-02 01:27:52\",\n    \"ExpiredAt\":\"2022-10-02 01:28:02\",\n    \"ExpireTime\": 10,\n    \"CurrentTime\":\"2022-10-01 17:28:44\",\n    \"DepID\":\"114\",\n    \"MsgType\":\"82\",\n    \"Memo\":\"Test Memo\",\n    \"SenderID\":\"J120323807\",\n    \"Bu\":\"BU2000\",\n    \"Company\":\"SPHBK1\",\n    \"Channel\":\"AUTH\",\n    \"Reference\":\"Ref\",\n    \"RequestUID\":\"297ecc1a-8a34-448b-b461-e692631ce48a\",\n    \"ObjectID\":\"TestObjectID\",\n    \"IsExpired\":false\n}",
    "output": "json",
    "x": 650,
    "y": 1340,
    "wires": [
      [
        "8a6523be.0caf2"
      ]
    ]
  },
  {
    "id": "c6aa2adb.6e8298",
    "type": "inject",
    "z": "adcfe388.ff282",
    "name": "輸入訊息測試資料",
    "props": [
      {
        "p": "payload"
      },
      {
        "p": "topic",
        "vt": "str"
      }
    ],
    "repeat": "",
    "crontab": "",
    "once": false,
    "onceDelay": 0.1,
    "topic": "",
    "payload": "",
    "payloadType": "date",
    "x": 370,
    "y": 1340,
    "wires": [
      [
        "3b8c6b05.263354"
      ]
    ]
  },
  {
    "id": "93b16cdd.9af5d",
    "type": "debug",
    "z": "adcfe388.ff282",
    "name": "",
    "active": false,
    "tosidebar": true,
    "console": false,
    "tostatus": false,
    "complete": "payload",
    "targetType": "msg",
    "statusVal": "",
    "statusType": "auto",
    "x": 1230,
    "y": 1100,
    "wires": []
  },
  {
    "id": "8a6523be.0caf2",
    "type": "subflow:2ea956a4.1cf0ca",
    "z": "adcfe388.ff282",
    "name": "準備 API 參數",
    "env": [],
    "x": 900,
    "y": 1340,
    "wires": [
      [
        "ad69801e.37141"
      ]
    ]
  },
  {
    "id": "6f640644.ce7478",
    "type": "comment",
    "z": "adcfe388.ff282",
    "name": "測試：模擬呼叫 API 的訊息傳送流程",
    "info": "",
    "x": 400,
    "y": 1280,
    "wires": []
  },
  {
    "id": "ef87c7b7.fa5d78",
    "type": "function",
    "z": "adcfe388.ff282",
    "name": "Log",
    "func": "\nlet resp = msg.payload;\n\nmsg.payload = JSON.stringify({\n    ResponseMessage: resp,\n    ResponseStatus: 0,\n    SendUID: resp.sendUid,\n    SendRecordUID: resp.results[0].sendRecordUid || null,\n    RequestUID: msg.rawData.RequestUID,\n    payload: {\n        channel: \"GRAVITY_SMS_MESSAGE_API\",\n        level: \"INFO\",\n        code: 0,\n        msg: '[GRAVITY][ATOMIC] HTTP Post via Message API success',\n        time: (new Date()).toJSON(),\n        payload: {\n            DeliveryPoolUID: msg.rawData.UID,\n            SendUID: resp.sendUid,\n            SendRecordUID: (resp.results && resp.results[0].sendRecordUid) || null,\n            RequestUID: msg.rawData.RequestUID\n        }\n    }\n})\n\nreturn msg\n\n",
    "outputs": 1,
    "noerr": 0,
    "initialize": "",
    "finalize": "",
    "libs": [],
    "x": 2070,
    "y": 700,
    "wires": [
      [
        "c32e6eef.ba863"
      ]
    ]
  },
  {
    "id": "c32e6eef.ba863",
    "type": "debug",
    "z": "adcfe388.ff282",
    "name": "Console Log",
    "active": false,
    "tosidebar": true,
    "console": false,
    "tostatus": false,
    "complete": "$string(payload)",
    "targetType": "jsonata",
    "statusVal": "",
    "statusType": "auto",
    "x": 2290,
    "y": 700,
    "wires": []
  },
  {
    "id": "b786b4f5.a7eed8",
    "type": "comment",
    "z": "b3daba32.87dcf8",
    "name": "查詢 Report 資料庫",
    "info": "",
    "x": 210,
    "y": 840,
    "wires": []
  },
  {
    "id": "f10989b9.f8a3d8",
    "type": "MSSQL",
    "z": "b3daba32.87dcf8",
    "mssqlCN": "35b0806c.4ac0e8",
    "name": "DeliveryResultLog",
    "outField": "payload",
    "returnType": 0,
    "throwErrors": 1,
    "query": "SELECt TOP 1 * from [dbo].[DeliveryResultLog] WHERE SourceType = 'Realtime' ORDER BY CreateTime DESC\n",
    "modeOpt": "",
    "modeOptType": "query",
    "queryOpt": "",
    "queryOptType": "editor",
    "paramsOpt": "queryParams",
    "paramsOptType": "msg",
    "rows": "rows",
    "rowsType": "msg",
    "params": [],
    "x": 510,
    "y": 900,
    "wires": [
      [
        "e24aee08.54e98"
      ]
    ]
  },
  {
    "id": "17588ea4.97c891",
    "type": "inject",
    "z": "b3daba32.87dcf8",
    "name": "查詢 DeliveryResultLog",
    "props": [
      {
        "p": "payload"
      },
      {
        "p": "topic",
        "vt": "str"
      }
    ],
    "repeat": "",
    "crontab": "",
    "once": false,
    "onceDelay": 0.1,
    "topic": "",
    "payload": "",
    "payloadType": "date",
    "x": 280,
    "y": 900,
    "wires": [
      [
        "f10989b9.f8a3d8"
      ]
    ]
  },
  {
    "id": "e24aee08.54e98",
    "type": "debug",
    "z": "b3daba32.87dcf8",
    "name": "",
    "active": true,
    "tosidebar": true,
    "console": false,
    "tostatus": false,
    "complete": "payload",
    "targetType": "msg",
    "statusVal": "",
    "statusType": "auto",
    "x": 730,
    "y": 900,
    "wires": []
  },
  {
    "id": "30e246b1.b4b1aa",
    "type": "MSSQL",
    "z": "b3daba32.87dcf8",
    "mssqlCN": "35b0806c.4ac0e8",
    "name": "DeliveryPoolRealtime",
    "outField": "payload",
    "returnType": 0,
    "throwErrors": 1,
    "query": "SELECt * from [dbo].[DeliveryPoolRealTime] ORDER BY CreateTime DESC\n",
    "modeOpt": "",
    "modeOptType": "query",
    "queryOpt": "",
    "queryOptType": "editor",
    "paramsOpt": "queryParams",
    "paramsOptType": "msg",
    "rows": "rows",
    "rowsType": "msg",
    "params": [],
    "x": 520,
    "y": 960,
    "wires": [
      [
        "d1eface.7f5f15"
      ]
    ]
  },
  {
    "id": "5b3ab68f.b66828",
    "type": "inject",
    "z": "b3daba32.87dcf8",
    "name": "查詢 DeliveryResultLog",
    "props": [
      {
        "p": "payload"
      },
      {
        "p": "topic",
        "vt": "str"
      }
    ],
    "repeat": "",
    "crontab": "",
    "once": false,
    "onceDelay": 0.1,
    "topic": "",
    "payload": "",
    "payloadType": "date",
    "x": 280,
    "y": 960,
    "wires": [
      [
        "30e246b1.b4b1aa"
      ]
    ]
  },
  {
    "id": "d1eface.7f5f15",
    "type": "debug",
    "z": "b3daba32.87dcf8",
    "name": "",
    "active": true,
    "tosidebar": true,
    "console": false,
    "tostatus": false,
    "complete": "payload",
    "targetType": "msg",
    "statusVal": "",
    "statusType": "auto",
    "x": 730,
    "y": 960,
    "wires": []
  },
  {
    "id": "6193c893.f6fb38",
    "type": "debug",
    "z": "adcfe388.ff282",
    "name": "",
    "active": false,
    "tosidebar": true,
    "console": false,
    "tostatus": false,
    "complete": "rawData",
    "targetType": "msg",
    "statusVal": "",
    "statusType": "auto",
    "x": 1430,
    "y": 1340,
    "wires": []
  },
  {
    "id": "8ea87d1f.6dc21",
    "type": "inject",
    "z": "b3daba32.87dcf8",
    "name": "寫入 10 筆到模擬資料庫 A",
    "props": [
      {
        "p": "payload"
      },
      {
        "p": "topic",
        "vt": "str"
      }
    ],
    "repeat": "",
    "crontab": "",
    "once": false,
    "onceDelay": 0.1,
    "topic": "",
    "payload": "",
    "payloadType": "date",
    "x": 290,
    "y": 180,
    "wires": [
      [
        "e5977941.afe068"
      ]
    ]
  },
  {
    "id": "e5977941.afe068",
    "type": "loop",
    "z": "b3daba32.87dcf8",
    "name": "準備 10 訊息",
    "kind": "fcnt",
    "count": "10",
    "initial": "1",
    "step": "1",
    "condition": "",
    "conditionType": "js",
    "when": "before",
    "enumeration": "enum",
    "enumerationType": "msg",
    "limit": "",
    "loopPayload": "loop-index",
    "finalPayload": "final-count",
    "x": 530,
    "y": 180,
    "wires": [
      [],
      [
        "7eb372b4.c773fc"
      ]
    ]
  },
  {
    "id": "7eb372b4.c773fc",
    "type": "function",
    "z": "b3daba32.87dcf8",
    "name": "Prepare Fake Data",
    "func": "\nmsg.payload = {\n    MPhoneNum: '0986529175',\n    MsgData: 'Write SMS Data Test (中文)',\n    Priority: 9,\n    BookingTime: new Date().format('yyyy-MM-dd hh:mm:ss'),\n    ExpireTime: 10000,\n    DepID: '114',\n    MsgType: '82',\n    Memo: 'Test Memo',\n    SenderID: 'J120323807',\n    Bu: 'BU2000',\n    Company: 'SPHBK1',\n    Channel: 'AUTH',\n    Reference: 'Ref',\n    RequestUID: 'uuid',\n    ObjectID: 'TestObjectID'\n}\n\nreturn msg;",
    "outputs": 1,
    "noerr": 0,
    "initialize": "Date.prototype.format = function (fmt) {\n    var o = {\n        \"M+\": this.getMonth() + 1,\n        \"d+\": this.getDate(), \n        \"h+\": this.getHours(), \n        \"m+\": this.getMinutes(), \n        \"s+\": this.getSeconds(),\n        \"q+\": Math.floor((this.getMonth() + 3) / 3),\n        \"S\": this.getMilliseconds()\n    };\n\n    if (/(y+)/.test(fmt)) {\n      fmt = fmt.replace(RegExp.$1, (this.getFullYear() + \"\").substr(4 - RegExp.$1.length));\n    }\n\n    for (var k in o) {\n      if (new RegExp(\"(\" + k + \")\").test(fmt))\n        fmt = fmt.replace(RegExp.$1, (RegExp.$1.length == 1) ? (o[k]) : ((\"00\" + o[k]).substr((\"\" + o[k]).length)));\n    }\n\n    return fmt;\n}",
    "finalize": "",
    "libs": [],
    "x": 550,
    "y": 260,
    "wires": [
      [
        "e5977941.afe068",
        "3d7d18ad.f20fb8"
      ]
    ]
  },
  {
    "id": "3d7d18ad.f20fb8",
    "type": "uuid",
    "z": "b3daba32.87dcf8",
    "uuidVersion": "v4",
    "namespaceType": "",
    "namespace": "",
    "namespaceCustom": "",
    "name": "Generate RequestUID",
    "field": "payload.RequestUID",
    "fieldType": "msg",
    "x": 800,
    "y": 260,
    "wires": [
      [
        "f7a56bbf.0c57a8"
      ]
    ]
  },
  {
    "id": "f7a56bbf.0c57a8",
    "type": "MSSQL",
    "z": "b3daba32.87dcf8",
    "mssqlCN": "fb045111.949e58",
    "name": "模擬資料庫 A",
    "outField": "payload",
    "returnType": 0,
    "throwErrors": 1,
    "query": "INSERT INTO [dbo].[DeliveryPool] (\n    MPhoneNum,\n    MsgData,\n    Priority,\n    BookingTime,\n    ExpireTime,\n    DepID,\n    MsgType,\n    Memo,\n    SenderID,\n    Bu,\n    Company,\n    Channel,\n    Reference,\n    RequestUID,\n    ObjectID\n) VALUES (\n    '{{{payload.MPhoneNum}}}',\n    '{{{payload.MsgData}}}',\n    {{{payload.Priority}}},\n    '{{{payload.BookingTime}}}',\n    {{{payload.ExpireTime}}},\n    '{{{payload.DepID}}}',\n    '{{{payload.MsgType}}}',\n    '{{{payload.Memo}}}',\n    '{{{payload.SenderID}}}',\n    '{{{payload.Bu}}}',\n    '{{{payload.Company}}}',\n    '{{{payload.Channel}}}',\n    '{{{payload.Reference}}}',\n    '{{{payload.RequestUID}}}',\n    '{{{payload.ObjectID}}}'\n) ",
    "modeOpt": "",
    "modeOptType": "query",
    "queryOpt": "",
    "queryOptType": "editor",
    "paramsOpt": "queryParams",
    "paramsOptType": "msg",
    "rows": "rows",
    "rowsType": "msg",
    "params": [],
    "x": 1010,
    "y": 260,
    "wires": [
      []
    ]
  },
  {
    "id": "d9bc9126.7fd15",
    "type": "debug",
    "z": "adcfe388.ff282",
    "name": "",
    "active": false,
    "tosidebar": true,
    "console": false,
    "tostatus": false,
    "complete": "payload",
    "targetType": "msg",
    "statusVal": "",
    "statusType": "auto",
    "x": 910,
    "y": 1140,
    "wires": []
  },
  {
    "id": "ed18d319.406d6",
    "type": "function",
    "z": "adcfe388.ff282",
    "name": "Event: NBP.SMS.Realtime.Event.Dispatched",
    "func": "\nlet resp = msg.payload;\n\nmsg.payload = {\n    \"event\": \"NBP.SMS.Realtime.Event.Dispatched\",\n    payload: Object.assign({\n        ResponseMessage: JSON.stringify(msg.payload),\n        ResponseStatus: 0,\n        SendUID: resp.sendUid,\n        SendRecordUID: (resp.results && resp.results[0].sendRecordUid) || null,\n    }, msg.rawData),\n    \"timestamp\": Date.now()\n};\n\nreturn msg;",
    "outputs": 1,
    "noerr": 0,
    "initialize": "",
    "finalize": "",
    "libs": [],
    "x": 2190,
    "y": 740,
    "wires": [
      [
        "18fb6a2b.485c46",
        "9f77ae2c.7e07c"
      ]
    ]
  },
  {
    "id": "18fb6a2b.485c46",
    "type": "NATS JetStream Publish",
    "z": "adcfe388.ff282",
    "name": "Publish to NBP.SMS.Realtime.Event.Dispatched",
    "server": "f5f38059.cff68",
    "subject": "NBP.SMS.Realtime.Event.Dispatched",
    "payloadType": "json",
    "x": 2640,
    "y": 740,
    "wires": []
  },
  {
    "id": "9f77ae2c.7e07c",
    "type": "NATS JetStream Acknowledge",
    "z": "adcfe388.ff282",
    "name": "",
    "x": 2590,
    "y": 800,
    "wires": []
  },
  {
    "id": "2124bcac.447214",
    "type": "comment",
    "z": "adcfe388.ff282",
    "name": "statusCode 200: API 正常反應",
    "info": "",
    "x": 1760,
    "y": 860,
    "wires": []
  },
  {
    "id": "15dc8e68.7cb632",
    "type": "template",
    "z": "b3daba32.87dcf8",
    "name": "Sample data",
    "field": "payload",
    "fieldType": "msg",
    "format": "json",
    "syntax": "mustache",
    "template": "{\n    \"UID\":\"4fe5423e-f36b-1410-83d1-0004fa34a454\",\n    \"SerialNum\":0,\n    \"MPhoneNum\":\"0986529175\",\n    \"MsgData\":\"Write SMS Data Test (中文)\",\n    \"Priority\":9,\n    \"BookingTime\":\"2022-10-02 01:27:52\",\n    \"ExpiredAt\":\"2022-10-02 01:28:02\",\n    \"ExpireTime\": 10,\n    \"CurrentTime\":\"2022-10-01 17:28:44\",\n    \"DepID\":\"114\",\n    \"MsgType\":\"82\",\n    \"Memo\":\"Test Memo\",\n    \"SenderID\":\"J120323807\",\n    \"Bu\":\"BU2000\",\n    \"Company\":\"SPHBK1\",\n    \"Channel\":\"AUTH\",\n    \"Reference\":\"Ref\",\n    \"RequestUID\":\"297ecc1a-8a34-448b-b461-e692631ce48a\",\n    \"ObjectID\":\"TestObjectID\",\n    \"IsExpired\":false\n}",
    "output": "json",
    "x": 510,
    "y": 1180,
    "wires": [
      [
        "b711b24b.7567"
      ]
    ]
  },
  {
    "id": "875b4914.4557c8",
    "type": "inject",
    "z": "b3daba32.87dcf8",
    "name": "輸入訊息測試資料",
    "props": [
      {
        "p": "payload"
      },
      {
        "p": "topic",
        "vt": "str"
      }
    ],
    "repeat": "",
    "crontab": "",
    "once": false,
    "onceDelay": 0.1,
    "topic": "",
    "payload": "",
    "payloadType": "date",
    "x": 270,
    "y": 1180,
    "wires": [
      [
        "15dc8e68.7cb632"
      ]
    ]
  },
  {
    "id": "b711b24b.7567",
    "type": "NATS JetStream Publish",
    "z": "b3daba32.87dcf8",
    "name": "",
    "server": "f5f38059.cff68",
    "subject": "NBP.SMS.Realtime.Pending",
    "payloadType": "json",
    "x": 790,
    "y": 1180,
    "wires": []
  },
  {
    "id": "5c5e24d8.cd30ec",
    "type": "comment",
    "z": "b3daba32.87dcf8",
    "name": "測試：模擬推送訊息至 NBP.SMS.Realtime.Pending",
    "info": "",
    "x": 315,
    "y": 1091,
    "wires": []
  },
  {
    "id": "ff58f747.157748",
    "type": "NATS JetStream Acknowledge",
    "z": "adcfe388.ff282",
    "name": "退回訊息等待重送",
    "action": "nak",
    "x": 1950,
    "y": 1840,
    "wires": []
  },
  {
    "id": "32b91c56.bbea84",
    "type": "comment",
    "z": "adcfe388.ff282",
    "name": "statusCode 5xx: 目標 API service 暫時失效，準備重新呼叫",
    "info": "",
    "x": 1890,
    "y": 1800,
    "wires": []
  },
  {
    "id": "dfa32e5e.01357",
    "type": "debug",
    "z": "adcfe388.ff282",
    "name": "Console Log",
    "active": true,
    "tosidebar": false,
    "console": true,
    "tostatus": false,
    "complete": "$string(payload)",
    "targetType": "jsonata",
    "statusVal": "",
    "statusType": "auto",
    "x": 1960,
    "y": 1880,
    "wires": []
  },
  {
    "id": "4ffd8d60.a5d1c4",
    "type": "function",
    "z": "adcfe388.ff282",
    "name": "Log",
    "func": "\nlet resp = msg.payload;\n\nmsg.payload = JSON.stringify({\n    channel: \"GRAVITY_SMS_MESSAGE_API\",\n    level: \"ERROR\",\n    code: 5303,\n    msg: '[GRAVITY][ATOMIC] Message API Service is Unavailable',\n    time: (new Date()).toJSON(),\n    payload: {\n        DeliveryPoolUID: msg.rawData.UID,\n        RequestUID: msg.rawData.RequestUID,\n        error: resp\n    }\n})\n\nreturn msg\n\n",
    "outputs": 1,
    "noerr": 0,
    "initialize": "",
    "finalize": "",
    "libs": [],
    "x": 1730,
    "y": 1880,
    "wires": [
      [
        "dfa32e5e.01357"
      ]
    ]
  },
  {
    "id": "488a2cf3.5252a4",
    "type": "comment",
    "z": "adcfe388.ff282",
    "name": "API Timeout/ENOTFOUND 視同訊息未傳送，退回重送",
    "info": "",
    "x": 1880,
    "y": 1760,
    "wires": []
  },
  {
    "id": "729557c0.9d2128",
    "type": "switch",
    "z": "adcfe388.ff282",
    "name": "檢查回應狀態碼",
    "property": "payload.results[0].code",
    "propertyType": "msg",
    "rules": [
      {
        "t": "eq",
        "v": "0",
        "vt": "num"
      },
      {
        "t": "eq",
        "v": "1009",
        "vt": "num"
      },
      {
        "t": "eq",
        "v": "3007",
        "vt": "num"
      },
      {
        "t": "eq",
        "v": "3008",
        "vt": "str"
      },
      {
        "t": "eq",
        "v": "3011",
        "vt": "num"
      },
      {
        "t": "eq",
        "v": "3012",
        "vt": "num"
      },
      {
        "t": "else"
      }
    ],
    "checkall": "false",
    "repair": false,
    "outputs": 7,
    "x": 1760,
    "y": 940,
    "wires": [
      [
        "ef87c7b7.fa5d78",
        "ed18d319.406d6"
      ],
      [
        "881a76fd.7be098",
        "6b325e31.04b6a"
      ],
      [
        "19dd992b.297797"
      ],
      [
        "19dd992b.297797"
      ],
      [
        "19dd992b.297797"
      ],
      [
        "19dd992b.297797"
      ],
      [
        "8d5bdf3.01eda2",
        "3dd9d3ab.accabc"
      ]
    ]
  },
  {
    "id": "9da9ae16.3e131",
    "type": "comment",
    "z": "adcfe388.ff282",
    "name": "code: 1009 (Expire)",
    "info": "",
    "x": 2110,
    "y": 840,
    "wires": []
  },
  {
    "id": "6b325e31.04b6a",
    "type": "function",
    "z": "adcfe388.ff282",
    "name": "Event: NBP.SMS.Realtime.Event.Expired",
    "func": "\n// msg.payload = {\n//     \"event\": \"NBP.SMS.Realtime.Event.Expired\",\n//     \"payload\": {\n//         \"UID\": msg.rawData.UID,\n//         \"message\": \"API Failed: Message has expired already\" \n//     },\n//     \"timestamp\": Date.now()\n// }\n\n// return msg;\n\n\nlet resp = msg.payload;\n\nmsg.payload = {\n    \"event\": \"NBP.SMS.Realtime.Event.Expired\",\n    payload: Object.assign({\n        \"UID\": msg.rawData.UID,\n        \"message\": \"API Failed: Message has expired already\"\n    }, msg.rawData),\n    \"timestamp\": Date.now()\n};\n\nreturn msg;",
    "outputs": 1,
    "noerr": 0,
    "initialize": "",
    "finalize": "",
    "libs": [],
    "x": 2180,
    "y": 920,
    "wires": [
      [
        "b001bfcf.fec36",
        "fb99db28.ae0cc8"
      ]
    ]
  },
  {
    "id": "881a76fd.7be098",
    "type": "function",
    "z": "adcfe388.ff282",
    "name": "Log",
    "func": "\nlet resp = msg.payload;\n\nmsg.payload = JSON.stringify({\n    channel: \"GRAVITY_SMS_MESSAGE_API\",\n    level: \"ERROR\",\n    code: 5303,\n    msg: '[GRAVITY][ATOMIC] Message has expired already',\n    time: (new Date()).toJSON(),\n    RequestUID: msg.rawData.RequestUID,\n    payload: {\n        DeliveryPoolUID: msg.rawData.UID,\n        error: resp,\n        RequestUID: msg.rawData.RequestUID\n    }\n})\n\nreturn msg\n\n",
    "outputs": 1,
    "noerr": 0,
    "initialize": "",
    "finalize": "",
    "libs": [],
    "x": 2070,
    "y": 880,
    "wires": [
      [
        "dfcc8079.e9e58"
      ]
    ]
  },
  {
    "id": "dfcc8079.e9e58",
    "type": "debug",
    "z": "adcfe388.ff282",
    "name": "Console Log",
    "active": true,
    "tosidebar": false,
    "console": true,
    "tostatus": false,
    "complete": "$string(payload)",
    "targetType": "jsonata",
    "statusVal": "",
    "statusType": "auto",
    "x": 2260,
    "y": 880,
    "wires": []
  },
  {
    "id": "b001bfcf.fec36",
    "type": "NATS JetStream Publish",
    "z": "adcfe388.ff282",
    "name": "Publish to NBP.SMS.Realtime.Event.Expired",
    "server": "f5f38059.cff68",
    "subject": "NBP.SMS.Realtime.Event.Expired",
    "payloadType": "json",
    "x": 2630,
    "y": 920,
    "wires": []
  },
  {
    "id": "fb99db28.ae0cc8",
    "type": "NATS JetStream Acknowledge",
    "z": "adcfe388.ff282",
    "name": "",
    "action": "ack",
    "x": 2590,
    "y": 1000,
    "wires": []
  },
  {
    "id": "2b8bd70d.7a1c68",
    "type": "comment",
    "z": "adcfe388.ff282",
    "name": "code: 0 傳送成功",
    "info": "",
    "x": 2100,
    "y": 660,
    "wires": []
  },
  {
    "id": "655a4216.aada6c",
    "type": "NATS JetStream Acknowledge",
    "z": "adcfe388.ff282",
    "name": "退回訊息等待重送",
    "action": "nak",
    "x": 2470,
    "y": 1140,
    "wires": []
  },
  {
    "id": "e9a637e1.850fb8",
    "type": "debug",
    "z": "adcfe388.ff282",
    "name": "Console Log",
    "active": true,
    "tosidebar": false,
    "console": true,
    "tostatus": false,
    "complete": "$string(payload)",
    "targetType": "jsonata",
    "statusVal": "",
    "statusType": "auto",
    "x": 2300,
    "y": 1100,
    "wires": []
  },
  {
    "id": "19dd992b.297797",
    "type": "function",
    "z": "adcfe388.ff282",
    "name": "Log",
    "func": "\nlet resp = msg.payload;\n\nmsg.payload = JSON.stringify({\n    channel: \"GRAVITY_SMS_MESSAGE_API\",\n    level: \"ERROR\",\n    code: 5303,\n    msg: '[GRAVITY][ATOMIC] Message API Service is Unavailable',\n    time: (new Date()).toJSON(),\n    payload: {\n        DeliveryPoolUID: msg.rawData.UID,\n        SendUID: resp.sendUid,\n        SendRecordUID: (resp.results && resp.results[0].sendRecordUid) || null,\n        RequestUID: msg.rawData.RequestUID,\n        error: resp\n    }\n})\n\nreturn msg\n\n",
    "outputs": 1,
    "noerr": 0,
    "initialize": "",
    "finalize": "",
    "libs": [],
    "x": 2070,
    "y": 1100,
    "wires": [
      [
        "e9a637e1.850fb8",
        "1c87a315.f143cd"
      ]
    ]
  },
  {
    "id": "d2210ec1.212f9",
    "type": "comment",
    "z": "adcfe388.ff282",
    "name": "Gateway 異常：3007(Gateway 服務異常), 3008(其他系統異常), 3011(P9 Deliver 連線異常), 3012(Batch Deliver 連線異常)",
    "info": "",
    "x": 2430,
    "y": 1060,
    "wires": []
  },
  {
    "id": "8d5bdf3.01eda2",
    "type": "function",
    "z": "adcfe388.ff282",
    "name": "Log",
    "func": "\nlet resp = msg.payload;\n\nmsg.payload = JSON.stringify({\n    channel: \"GRAVITY_SMS_MESSAGE_API\",\n    level: \"ERROR\",\n    code: 5303,\n    msg: '[GRAVITY][ATOMIC] HTTP via Message API failure',\n    time: (new Date()).toJSON(),\n    payload: {\n        DeliveryPoolUID: msg.rawData.UID,\n        RequestUID: msg.rawData.RequestUID,\n        error: resp\n    }\n})\n\nreturn msg\n\n",
    "outputs": 1,
    "noerr": 0,
    "initialize": "",
    "finalize": "",
    "libs": [],
    "x": 2070,
    "y": 1280,
    "wires": [
      [
        "e079487f.40cb08"
      ]
    ]
  },
  {
    "id": "e079487f.40cb08",
    "type": "debug",
    "z": "adcfe388.ff282",
    "name": "Console Log",
    "active": true,
    "tosidebar": false,
    "console": true,
    "tostatus": false,
    "complete": "$string(payload)",
    "targetType": "jsonata",
    "statusVal": "",
    "statusType": "auto",
    "x": 2260,
    "y": 1280,
    "wires": []
  },
  {
    "id": "3dd9d3ab.accabc",
    "type": "function",
    "z": "adcfe388.ff282",
    "name": "Event: NBP.SMS.Realtime.Event.Failed",
    "func": "\n// msg.payload = {\n//     \"event\": \"NBP.SMS.Realtime.Event.Failed\",\n//     \"payload\": {\n//         \"ResponseMessage\": JSON.stringify(msg.payload),\n//         \"ResponseStatus\": 5303,\n//         \"UID\": msg.rawData.UID,\n//      },\n//     \"timestamp\": Date.now()\n// }\n\n// return msg;\n\nlet resp = msg.payload;\n\nmsg.payload = {\n    \"event\": \"NBP.SMS.Realtime.Event.Failed\",\n    payload: Object.assign({\n        \"ResponseMessage\": JSON.stringify(msg.payload),\n        \"ResponseStatus\": 5303,\n        \"UID\": msg.rawData.UID,\n        \"SendUID\": resp.sendUid,\n        \"SendRecordUID\": (resp.results && resp.results[0].sendRecordUid) || null\n    }, msg.rawData),\n    \"timestamp\": Date.now()\n};\n\nreturn msg;",
    "outputs": 1,
    "noerr": 0,
    "initialize": "",
    "finalize": "",
    "libs": [],
    "x": 2180,
    "y": 1320,
    "wires": [
      [
        "8e57dab.822bc28",
        "a90b4de9.e3659"
      ]
    ]
  },
  {
    "id": "8e57dab.822bc28",
    "type": "NATS JetStream Publish",
    "z": "adcfe388.ff282",
    "name": "Publish to NBP.SMS.Realtime.Event.Failed",
    "server": "f5f38059.cff68",
    "subject": "NBP.SMS.Realtime.Event.Failed",
    "payloadType": "json",
    "x": 2570,
    "y": 1320,
    "wires": []
  },
  {
    "id": "552826c0.d3fc88",
    "type": "comment",
    "z": "adcfe388.ff282",
    "name": "其他未分類狀態碼，當成失敗",
    "info": "",
    "x": 2140,
    "y": 1240,
    "wires": []
  },
  {
    "id": "a90b4de9.e3659",
    "type": "NATS JetStream Acknowledge",
    "z": "adcfe388.ff282",
    "name": "",
    "action": "ack",
    "x": 2530,
    "y": 1380,
    "wires": []
  },
  {
    "id": "b1efde4f.38db2",
    "type": "debug",
    "z": "adcfe388.ff282",
    "name": "",
    "active": false,
    "tosidebar": true,
    "console": false,
    "tostatus": false,
    "complete": "false",
    "statusVal": "",
    "statusType": "auto",
    "x": 1750,
    "y": 1920,
    "wires": []
  },
  {
    "id": "c2e4319c.a85f5",
    "type": "comment",
    "z": "adcfe388.ff282",
    "name": "API 連線不正常",
    "info": "",
    "x": 1760,
    "y": 1720,
    "wires": []
  },
  {
    "id": "a904605b.54e13",
    "type": "function",
    "z": "adcfe388.ff282",
    "name": "Log",
    "func": "\nlet resp = msg.payload;\n\nmsg.payload = JSON.stringify({\n    channel: \"GRAVITY_SMS_MESSAGE_API\",\n    level: \"ERROR\",\n    code: 5400,\n    msg: '[GRAVITY][ATOMIC] Bad parameters',\n    time: (new Date()).toJSON(),\n    payload: {\n        DeliveryPoolUID: msg.rawData.UID,\n        RequestUID: msg.rawData.RequestUID,\n        error: resp\n    }\n})\n\nreturn msg\n\n",
    "outputs": 1,
    "noerr": 0,
    "initialize": "",
    "finalize": "",
    "libs": [],
    "x": 1730,
    "y": 1520,
    "wires": [
      [
        "4e05194.71180e8"
      ]
    ]
  },
  {
    "id": "4e05194.71180e8",
    "type": "debug",
    "z": "adcfe388.ff282",
    "name": "Console Log",
    "active": true,
    "tosidebar": false,
    "console": true,
    "tostatus": false,
    "complete": "$string(payload)",
    "targetType": "jsonata",
    "statusVal": "",
    "statusType": "auto",
    "x": 1920,
    "y": 1520,
    "wires": []
  },
  {
    "id": "75d2d56.6b37a2c",
    "type": "function",
    "z": "adcfe388.ff282",
    "name": "Event: NBP.SMS.Realtime.Event.Failed",
    "func": "\n// msg.payload = {\n//     \"event\": \"NBP.SMS.Realtime.Event.Failed\",\n//     \"payload\": {\n//         \"ResponseMessage\": JSON.stringify(msg.payload),\n//         \"ResponseStatus\": 5400,\n//         \"UID\": msg.rawData.UID,\n//      },\n//     \"timestamp\": Date.now()\n// }\n\n// return msg;\n\nlet resp = msg.payload;\n\nmsg.payload = {\n    \"event\": \"NBP.SMS.Realtime.Event.Failed\",\n    payload: Object.assign({\n        \"ResponseMessage\": JSON.stringify(msg.payload),\n        \"ResponseStatus\": 5400,\n        \"UID\": msg.rawData.UID,\n        \"SendUID\": resp.sendUid,\n        \"SendRecordUID\": (resp.results && resp.results[0].sendRecordUid) || null\n    }, msg.rawData),\n    \"timestamp\": Date.now()\n};\n\nreturn msg;",
    "outputs": 1,
    "noerr": 0,
    "initialize": "",
    "finalize": "",
    "libs": [],
    "x": 1830,
    "y": 1560,
    "wires": [
      [
        "59e428b5.58c728",
        "e0ce897b.c75d58"
      ]
    ]
  },
  {
    "id": "59e428b5.58c728",
    "type": "NATS JetStream Publish",
    "z": "adcfe388.ff282",
    "name": "Publish to NBP.SMS.Realtime.Event.Failed",
    "server": "f5f38059.cff68",
    "subject": "NBP.SMS.Realtime.Event.Failed",
    "payloadType": "json",
    "x": 2230,
    "y": 1560,
    "wires": []
  },
  {
    "id": "4fe9ab5.8a61954",
    "type": "comment",
    "z": "adcfe388.ff282",
    "name": "statusCode 400: API 欄位參數錯誤，放棄這筆訊息",
    "info": "",
    "x": 1870,
    "y": 1480,
    "wires": []
  },
  {
    "id": "e0ce897b.c75d58",
    "type": "NATS JetStream Acknowledge",
    "z": "adcfe388.ff282",
    "name": "",
    "action": "ack",
    "x": 2190,
    "y": 1620,
    "wires": []
  },
  {
    "id": "f5a04041.d9cc9",
    "type": "inject",
    "z": "d45c1487.a44258",
    "name": "輸入訊息測試資料",
    "props": [
      {
        "p": "payload"
      },
      {
        "p": "topic",
        "vt": "str"
      }
    ],
    "repeat": "",
    "crontab": "",
    "once": false,
    "onceDelay": 0.1,
    "topic": "",
    "payload": "",
    "payloadType": "date",
    "x": 390,
    "y": 1300,
    "wires": [
      [
        "c9e5f4c5.6b6688"
      ]
    ]
  },
  {
    "id": "c9e5f4c5.6b6688",
    "type": "template",
    "z": "d45c1487.a44258",
    "name": "Sample data",
    "field": "payload",
    "fieldType": "msg",
    "format": "json",
    "syntax": "mustache",
    "template": "{\n    \"UID\":\"4fe5423e-f36b-1410-83d1-0004fa34a454\",\n    \"SerialNum\":0,\n    \"MPhoneNum\":\"0986529175\",\n    \"MsgData\":\"Write SMS Data Test (中文)\",\n    \"Priority\":9,\n    \"BookingTime\":\"2022-10-02 01:27:52\",\n    \"ExpiredAt\":\"2022-10-02 01:28:02\",\n    \"ExpireTime\": 10,\n    \"CurrentTime\":\"2022-10-01 17:28:44\",\n    \"DepID\":\"114\",\n    \"MsgType\":\"82\",\n    \"Memo\":\"Test Memo\",\n    \"SenderID\":\"J120323807\",\n    \"Bu\":\"BU2000\",\n    \"Company\":\"SPHBK1\",\n    \"Channel\":\"AUTH\",\n    \"Reference\":\"Ref\",\n    \"RequestUID\":\"297ecc1a-8a34-448b-b461-e692631ce48a\",\n    \"ObjectID\":\"TestObjectID\",\n    \"IsExpired\":false\n}",
    "output": "json",
    "x": 630,
    "y": 1300,
    "wires": [
      [
        "debe5f3d.9431b"
      ]
    ]
  },
  {
    "id": "a4fc6131.ce9ae",
    "type": "comment",
    "z": "d45c1487.a44258",
    "name": "模擬訊息逾期",
    "info": "",
    "x": 290,
    "y": 1220,
    "wires": []
  },
  {
    "id": "debe5f3d.9431b",
    "type": "function",
    "z": "d45c1487.a44258",
    "name": "檢查時間",
    "func": "\nlet expiredAt = new Date(msg.payload.ExpiredAt);\n\nmsg.payload.IsExpired = (Date.now() >= expiredAt) ? true : false;\n\nreturn msg;",
    "outputs": 1,
    "noerr": 0,
    "initialize": "",
    "finalize": "",
    "libs": [],
    "x": 840,
    "y": 1300,
    "wires": [
      [
        "978c315e.305a7"
      ]
    ]
  },
  {
    "id": "978c315e.305a7",
    "type": "debug",
    "z": "d45c1487.a44258",
    "name": "",
    "active": true,
    "tosidebar": true,
    "console": false,
    "tostatus": false,
    "complete": "false",
    "statusVal": "",
    "statusType": "auto",
    "x": 1070,
    "y": 1300,
    "wires": []
  },
  {
    "id": "25a32af0.fdd676",
    "type": "link out",
    "z": "adcfe388.ff282",
    "name": "",
    "links": [
      "77ed6eb2.d38d5"
    ],
    "x": 1175,
    "y": 460,
    "wires": []
  },
  {
    "id": "77ed6eb2.d38d5",
    "type": "link in",
    "z": "adcfe388.ff282",
    "name": "呼叫外部 Message API",
    "links": [
      "25a32af0.fdd676"
    ],
    "x": 335,
    "y": 1180,
    "wires": [
      [
        "3dfbbc70.80edd4"
      ]
    ]
  },
  {
    "id": "ed6d88cb.b38d78",
    "type": "comment",
    "z": "adcfe388.ff282",
    "name": "從待處理佇列取得訊息，並透過 API 發送",
    "info": "",
    "x": 380,
    "y": 260,
    "wires": []
  },
  {
    "id": "4a9f46b1.f99238",
    "type": "NATS JetStream Publish",
    "z": "adcfe388.ff282",
    "name": "Publish to NBP.SMS.Realtime.Event.Expired",
    "server": "f5f38059.cff68",
    "subject": "NBP.SMS.Realtime.Event.Expired",
    "payloadType": "json",
    "x": 1710,
    "y": 280,
    "wires": []
  },
  {
    "id": "8630b443.fe22e8",
    "type": "function",
    "z": "adcfe388.ff282",
    "name": "Event: NBP.SMS.Realtime.Event.Expired",
    "func": "\n// msg.payload = {\n//     \"event\": \"NBP.SMS.Realtime.Event.Expired\",\n//     \"payload\": {\n//         \"UID\": msg.payload.UID,\n//         \"message\": \"API Failed: Message has expired already\" \n//     },\n//     \"timestamp\": Date.now()\n// }\n\n// return msg;\nmsg.payload = {\n    \"event\": \"NBP.SMS.Realtime.Event.Expired\",\n    \"payload\": {\n        \"UID\": msg.payload.UID,\n        \"message\": \"API Failed: Message has expired already\",\n        \"SendRecordUID\": msg.payload.SendRecordUID,\n        \"SerialNum\": msg.payload.SerialNum,\n        \"MPhoneNum\": msg.payload.MPhoneNum,\n        \"MsgData\": msg.payload.MsgData,\n        \"Priority\": msg.payload.Priority,\n        \"BookingTime\": msg.payload.BookingTime,\n        \"ExpireTime\": msg.payload.ExpireTime,\n        \"DepID\": msg.payload.DepID,\n        \"MsgType\": msg.payload.MsgType,\n        \"Memo\": msg.payload.Memo,\n        \"SenderID\": msg.payload.SenderID,\n        \"Bu\": msg.payload.Bu,\n        \"Company\": msg.payload.Company,\n        \"Channel\": msg.payload.Channel,\n        \"Reference\": msg.payload.Reference,\n        \"RequestUID\": msg.payload.RequestUID,\n        \"ObjectID\":msg.payload.ObjectID\n    },\n    \"timestamp\": Date.now()\n}\n\nreturn msg;",
    "outputs": 1,
    "noerr": 0,
    "initialize": "",
    "finalize": "",
    "libs": [],
    "x": 1320,
    "y": 280,
    "wires": [
      [
        "4a9f46b1.f99238",
        "d2fd923c.d10fe"
      ]
    ]
  },
  {
    "id": "d2fd923c.d10fe",
    "type": "NATS JetStream Acknowledge",
    "z": "adcfe388.ff282",
    "name": "",
    "action": "ack",
    "x": 1670,
    "y": 320,
    "wires": []
  },
  {
    "id": "77fb9a46.f53134",
    "type": "NATS JetStream Consumer",
    "z": "adcfe388.ff282",
    "name": "NBP.SMS.Realtime.Pending",
    "server": "f5f38059.cff68",
    "subjects": "NBP.SMS.Realtime.Pending",
    "delivery": "last",
    "stream": "ensure",
    "ensurestream": "d5ea6b2c.db37a8",
    "consumertype": "queueGroup",
    "durable": "dispatcher",
    "startseq": 0,
    "starttime": 0,
    "ack": "manual",
    "maxackpending": "100",
    "ackwait": "0",
    "payloadType": "json",
    "x": 360,
    "y": 380,
    "wires": [
      [
        "99904079.92a4f"
      ]
    ]
  },
  {
    "id": "99904079.92a4f",
    "type": "change",
    "z": "adcfe388.ff282",
    "name": "取出資料",
    "rules": [
      {
        "t": "move",
        "p": "payload.data",
        "pt": "msg",
        "to": "payload",
        "tot": "msg"
      }
    ],
    "action": "",
    "property": "",
    "from": "",
    "to": "",
    "reg": false,
    "x": 590,
    "y": 380,
    "wires": [
      [
        "f12677e4.d70368",
        "9ad222e9.d84d6"
      ]
    ]
  },
  {
    "id": "9ad222e9.d84d6",
    "type": "function",
    "z": "adcfe388.ff282",
    "name": "檢查時間",
    "func": "\nlet expiredAt = new Date(msg.payload.ExpiredAt);\n\nmsg.payload.IsExpired = (Date.now() >= expiredAt) ? true : false;\n\nreturn msg;",
    "outputs": 1,
    "noerr": 0,
    "initialize": "",
    "finalize": "",
    "libs": [],
    "x": 760,
    "y": 380,
    "wires": [
      [
        "934907f1.e78568"
      ]
    ]
  },
  {
    "id": "f12677e4.d70368",
    "type": "debug",
    "z": "adcfe388.ff282",
    "name": "",
    "active": false,
    "tosidebar": true,
    "console": false,
    "tostatus": false,
    "complete": "payload",
    "targetType": "msg",
    "statusVal": "",
    "statusType": "auto",
    "x": 770,
    "y": 340,
    "wires": []
  },
  {
    "id": "934907f1.e78568",
    "type": "switch",
    "z": "adcfe388.ff282",
    "name": "任務是否過期？",
    "property": "payload.IsExpired",
    "propertyType": "msg",
    "rules": [
      {
        "t": "true"
      },
      {
        "t": "else"
      }
    ],
    "checkall": "true",
    "repair": false,
    "outputs": 2,
    "x": 980,
    "y": 380,
    "wires": [
      [
        "8630b443.fe22e8",
        "fb358f8.e8d117"
      ],
      [
        "25a32af0.fdd676"
      ]
    ]
  },
  {
    "id": "5a12d25a.9da19c",
    "type": "comment",
    "z": "adcfe388.ff282",
    "name": "呼叫 Message API",
    "info": "",
    "x": 350,
    "y": 1020,
    "wires": []
  },
  {
    "id": "dd6faff6.843a5",
    "type": "comment",
    "z": "adcfe388.ff282",
    "name": "過期",
    "info": "",
    "x": 1210,
    "y": 200,
    "wires": []
  },
  {
    "id": "68ae4db5.1c4b04",
    "type": "comment",
    "z": "adcfe388.ff282",
    "name": "沒過期",
    "info": "",
    "x": 1210,
    "y": 420,
    "wires": []
  },
  {
    "id": "fb358f8.e8d117",
    "type": "function",
    "z": "adcfe388.ff282",
    "name": "Log",
    "func": "\nlet resp = msg.payload;\n\nmsg.payload = JSON.stringify({\n    channel: \"GRAVITY_SMS_MESSAGE_API\",\n    level: \"ERROR\",\n    code: 5303,\n    msg: '[GRAVITY][ATOMIC] Message has expired already',\n    time: (new Date()).toJSON(),\n    RequestUID: msg.payload.RequestUID,\n    payload: {\n        DeliveryPoolUID: msg.payload.UID,\n        error: resp,\n        RequestUID: msg.payload.RequestUID\n    }\n})\n\nreturn msg\n\n",
    "outputs": 1,
    "noerr": 0,
    "initialize": "",
    "finalize": "",
    "libs": [],
    "x": 1210,
    "y": 240,
    "wires": [
      [
        "bfdbb5b5.bf35e8"
      ]
    ]
  },
  {
    "id": "bfdbb5b5.bf35e8",
    "type": "debug",
    "z": "adcfe388.ff282",
    "name": "Console Log",
    "active": false,
    "tosidebar": true,
    "console": true,
    "tostatus": false,
    "complete": "$string(payload)",
    "targetType": "jsonata",
    "statusVal": "",
    "statusType": "auto",
    "x": 1400,
    "y": 240,
    "wires": []
  },
  {
    "id": "1c87a315.f143cd",
    "type": "delay",
    "z": "adcfe388.ff282",
    "name": "",
    "pauseType": "delay",
    "timeout": "5",
    "timeoutUnits": "seconds",
    "rate": "1",
    "nbRateUnits": "1",
    "rateUnits": "second",
    "randomFirst": "1",
    "randomLast": "5",
    "randomUnits": "seconds",
    "drop": false,
    "x": 2280,
    "y": 1140,
    "wires": [
      [
        "655a4216.aada6c"
      ]
    ]
  },
  {
    "id": "680ba473.72a17c",
    "type": "delay",
    "z": "adcfe388.ff282",
    "name": "",
    "pauseType": "delay",
    "timeout": "5",
    "timeoutUnits": "seconds",
    "rate": "1",
    "nbRateUnits": "1",
    "rateUnits": "second",
    "randomFirst": "1",
    "randomLast": "5",
    "randomUnits": "seconds",
    "drop": false,
    "x": 1740,
    "y": 1840,
    "wires": [
      [
        "ff58f747.157748"
      ]
    ]
  },
  {
    "id": "25c03906.ab4ce6",
    "type": "http in",
    "z": "d45c1487.a44258",
    "name": "",
    "url": "/apis/v1/failed/message",
    "method": "post",
    "upload": false,
    "swaggerDoc": "",
    "x": 420,
    "y": 1000,
    "wires": [
      [
        "5e52460a.21ba68"
      ]
    ]
  },
  {
    "id": "5e52460a.21ba68",
    "type": "json",
    "z": "d45c1487.a44258",
    "name": "",
    "property": "payload",
    "action": "obj",
    "pretty": false,
    "x": 660,
    "y": 1000,
    "wires": [
      [
        "4f003c73.585a84",
        "7cedf41c.0bdb7c"
      ]
    ]
  },
  {
    "id": "487a3e68.887f2",
    "type": "http response",
    "z": "d45c1487.a44258",
    "name": "",
    "statusCode": "400",
    "headers": {},
    "x": 1000,
    "y": 1000,
    "wires": []
  },
  {
    "id": "3e299450.c5a4dc",
    "type": "comment",
    "z": "d45c1487.a44258",
    "name": "模擬訊息發送 API 失敗",
    "info": "",
    "x": 320,
    "y": 940,
    "wires": []
  },
  {
    "id": "4f003c73.585a84",
    "type": "function",
    "z": "d45c1487.a44258",
    "name": "",
    "func": "msg.payload = {\n    results: [\n        {\n            sendRecordUid: msg.payload.data[0].reqUid,\n        }\n    ],\n    sendUid: msg.payload.data[0].reqUid,\n}\n\nreturn msg;",
    "outputs": 1,
    "noerr": 0,
    "initialize": "",
    "finalize": "",
    "libs": [],
    "x": 830,
    "y": 1000,
    "wires": [
      [
        "487a3e68.887f2"
      ]
    ]
  },
  {
    "id": "7cedf41c.0bdb7c",
    "type": "debug",
    "z": "d45c1487.a44258",
    "name": "",
    "active": true,
    "tosidebar": true,
    "console": false,
    "tostatus": false,
    "complete": "false",
    "statusVal": "",
    "statusType": "auto",
    "x": 850,
    "y": 940,
    "wires": []
  },
  {
    "id": "e1ff487d.75bc28",
    "type": "http request",
    "z": "adcfe388.ff282",
    "name": "模擬訊息發送失敗 API",
    "method": "POST",
    "ret": "obj",
    "paytoqs": "ignore",
    "url": "localhost:1880/apis/v1/failed/message",
    "tls": "",
    "persist": false,
    "proxy": "",
    "authType": "",
    "x": 1180,
    "y": 1480,
    "wires": [
      [
        "ba8246a.7a31cb8",
        "a8d8f639.1601a8"
      ]
    ]
  },
  {
    "id": "9c4ebecd.b524b",
    "type": "template",
    "z": "adcfe388.ff282",
    "name": "Sample data",
    "field": "payload",
    "fieldType": "msg",
    "format": "json",
    "syntax": "mustache",
    "template": "{\n    \"UID\":\"4fe5423e-f36b-1410-83d1-0004fa34a454\",\n    \"SerialNum\":0,\n    \"MPhoneNum\":\"0986529175\",\n    \"MsgData\":\"Write SMS Data Test (中文)\",\n    \"Priority\":9,\n    \"BookingTime\":\"2022-10-02 01:27:52\",\n    \"ExpiredAt\":\"2022-10-02 01:28:02\",\n    \"ExpireTime\": 10,\n    \"CurrentTime\":\"2022-10-01 17:28:44\",\n    \"DepID\":\"114\",\n    \"MsgType\":\"82\",\n    \"Memo\":\"Test Memo\",\n    \"SenderID\":\"J120323807\",\n    \"Bu\":\"BU2000\",\n    \"Company\":\"SPHBK1\",\n    \"Channel\":\"AUTH\",\n    \"Reference\":\"Ref\",\n    \"RequestUID\":\"297ecc1a-8a34-448b-b461-e692631ce48a\",\n    \"ObjectID\":\"TestObjectID\",\n    \"IsExpired\":false\n}",
    "output": "json",
    "x": 650,
    "y": 1480,
    "wires": [
      [
        "306661cd.d1d1ae"
      ]
    ]
  },
  {
    "id": "4aa9a86e.e61698",
    "type": "inject",
    "z": "adcfe388.ff282",
    "name": "輸入訊息測試資料",
    "props": [
      {
        "p": "payload"
      },
      {
        "p": "topic",
        "vt": "str"
      }
    ],
    "repeat": "",
    "crontab": "",
    "once": false,
    "onceDelay": 0.1,
    "topic": "",
    "payload": "",
    "payloadType": "date",
    "x": 370,
    "y": 1480,
    "wires": [
      [
        "9c4ebecd.b524b"
      ]
    ]
  },
  {
    "id": "306661cd.d1d1ae",
    "type": "subflow:2ea956a4.1cf0ca",
    "z": "adcfe388.ff282",
    "name": "準備 API 參數",
    "env": [],
    "x": 900,
    "y": 1480,
    "wires": [
      [
        "e1ff487d.75bc28"
      ]
    ]
  },
  {
    "id": "f0cb6ec.777789",
    "type": "comment",
    "z": "adcfe388.ff282",
    "name": "測試：模擬呼叫 API 的訊息傳送流程",
    "info": "",
    "x": 400,
    "y": 1420,
    "wires": []
  },
  {
    "id": "ba8246a.7a31cb8",
    "type": "debug",
    "z": "adcfe388.ff282",
    "name": "",
    "active": false,
    "tosidebar": true,
    "console": false,
    "tostatus": false,
    "complete": "rawData",
    "targetType": "msg",
    "statusVal": "",
    "statusType": "auto",
    "x": 1430,
    "y": 1480,
    "wires": []
  },
  {
    "id": "75c2f9b3.d576b8",
    "type": "debug",
    "z": "adcfe388.ff282",
    "name": "",
    "active": false,
    "tosidebar": true,
    "console": false,
    "tostatus": false,
    "complete": "rawData",
    "targetType": "msg",
    "statusVal": "",
    "statusType": "auto",
    "x": 1230,
    "y": 1040,
    "wires": []
  }
]
